Index,DeliveryDate,Version,inputFolder,inputFilename,imageXyPixelSize,imageZPixelSize,memChannel,nucChannel,structureChannel,structureProteinName,lightChannel,timePoint,outputSegmentationPath,outputNucSegWholeFilename,outputCellSegWholeFilename,outputCellSegIndex,SegmentationXyPixelSize,SegmentationZPixelSize,outputNucSegWholeSegScaleFilename,outputCellSegWholeSegScaleFilename,structureSegOutputFolder,structureSegOutputFilename,structureSegContourFilename,structureSegSegScaleOutputFilename,structureSegSegScaleContourFilename,StructureSegmentationMethod,outputSegmentationContourPath,outputNucSegContourFilename,outputCellSegContourFilename,outputNucSegContourSegScaleFilename,outputCellSegContourSegScaleFilename
1,2017_02_17,3,\\aibsdata\aics\AssayDevelopment\MicroscopyData\Irina\2016\20161216,20161216_I03_001.czi,0.065,0.29,1,3,2,Alpha actinin,4,1,\\aibsdata\aics\AssayDevelopment\Analysis\toAnimatedCell\2017_02_17_Nuc_Cell_Seg_For_Release_Group_2\20161216_I03\nuc_cell_segmentation,20161216_I03_001.czi_nucWholeIndex.tiff,20161216_I03_001.czi_cellWholeIndex.tiff,1;4;7;,0.065,0.29,20161216_I03_001.czi_nucWholeIndex.tiff,20161216_I03_001.czi_cellWholeIndex.tiff,\\aibsdata\aics\AssayDevelopment\Analysis\toAnimatedCell\2017_03_08_Struct_First_Pass_Seg\20161216_I03\structure_segmentation,20161216_I03_001_structSegment.tiff,20161216_I03_001_structContour.tiff,20161216_I03_001_structSegment.tiff,20161216_I03_001_structContour.tiff,ALN3.0,\\aibsdata\aics\AssayDevelopment\Analysis\toAnimatedCell\2017_03_08_Struct_First_Pass_Seg\20161216_I03\nuc_cell_contour,20161216_I03_001.czi_nucSegScaleContourXY.tiff,20161216_I03_001.czi_cellSegScaleContourXY.tiff,20161216_I03_001.czi_nucSegScaleContourXY.tiff,20161216_I03_001.czi_cellSegScaleContourXY.tiff
2,2017_02_17,3,\\aibsdata\aics\AssayDevelopment\MicroscopyData\Irina\2016\20161216,20161216_I03_002.czi,0.065,0.29,1,3,2,Alpha actinin,4,1,\\aibsdata\aics\AssayDevelopment\Analysis\toAnimatedCell\2017_02_17_Nuc_Cell_Seg_For_Release_Group_2\20161216_I03\nuc_cell_segmentation,20161216_I03_002.czi_nucWholeIndex.tiff,20161216_I03_002.czi_cellWholeIndex.tiff,2;5;,0.065,0.29,20161216_I03_002.czi_nucWholeIndex.tiff,20161216_I03_002.czi_cellWholeIndex.tiff,\\aibsdata\aics\AssayDevelopment\Analysis\toAnimatedCell\2017_03_08_Struct_First_Pass_Seg\20161216_I03\structure_segmentation,20161216_I03_002_structSegment.tiff,20161216_I03_002_structContour.tiff,20161216_I03_002_structSegment.tiff,20161216_I03_002_structContour.tiff,ALN3.0,\\aibsdata\aics\AssayDevelopment\Analysis\toAnimatedCell\2017_03_08_Struct_First_Pass_Seg\20161216_I03\nuc_cell_contour,20161216_I03_002.czi_nucSegScaleContourXY.tiff,20161216_I03_002.czi_cellSegScaleContourXY.tiff,20161216_I03_002.czi_nucSegScaleContourXY.tiff,20161216_I03_002.czi_cellSegScaleContourXY.tiff
3,2017_02_17,3,\\aibsdata\aics\AssayDevelopment\MicroscopyData\Irina\2016\20161216,20161216_I03_003.czi,0.065,0.29,1,3,2,Alpha actinin,4,1,\\aibsdata\aics\AssayDevelopment\Analysis\toAnimatedCell\2017_02_17_Nuc_Cell_Seg_For_Release_Group_2\20161216_I03\nuc_cell_segmentation,20161216_I03_003.czi_nucWholeIndex.tiff,20161216_I03_003.czi_cellWholeIndex.tiff,1;2;3;4;5;6;7;8;,0.065,0.29,20161216_I03_003.czi_nucWholeIndex.tiff,20161216_I03_003.czi_cellWholeIndex.tiff,\\aibsdata\aics\AssayDevelopment\Analysis\toAnimatedCell\2017_03_08_Struct_First_Pass_Seg\20161216_I03\structure_segmentation,20161216_I03_003_structSegment.tiff,20161216_I03_003_structContour.tiff,20161216_I03_003_structSegment.tiff,20161216_I03_003_structContour.tiff,ALN3.0,\\aibsdata\aics\AssayDevelopment\Analysis\toAnimatedCell\2017_03_08_Struct_First_Pass_Seg\20161216_I03\nuc_cell_contour,20161216_I03_003.czi_nucSegScaleContourXY.tiff,20161216_I03_003.czi_cellSegScaleContourXY.tiff,20161216_I03_003.czi_nucSegScaleContourXY.tiff,20161216_I03_003.czi_cellSegScaleContourXY.tiff
4,2017_02_17,3,\\aibsdata\aics\AssayDevelopment\MicroscopyData\Irina\2016\20161216,20161216_I03_004.czi,0.065,0.29,1,3,2,Alpha actinin,4,1,\\aibsdata\aics\AssayDevelopment\Analysis\toAnimatedCell\2017_02_17_Nuc_Cell_Seg_For_Release_Group_2\20161216_I03\nuc_cell_segmentation,20161216_I03_004.czi_nucWholeIndex.tiff,20161216_I03_004.czi_cellWholeIndex.tiff,1;2;3;5;6;,0.065,0.29,20161216_I03_004.czi_nucWholeIndex.tiff,20161216_I03_004.czi_cellWholeIndex.tiff,\\aibsdata\aics\AssayDevelopment\Analysis\toAnimatedCell\2017_03_08_Struct_First_Pass_Seg\20161216_I03\structure_segmentation,20161216_I03_004_structSegment.tiff,20161216_I03_004_structContour.tiff,20161216_I03_004_structSegment.tiff,20161216_I03_004_structContour.tiff,ALN3.0,\\aibsdata\aics\AssayDevelopment\Analysis\toAnimatedCell\2017_03_08_Struct_First_Pass_Seg\20161216_I03\nuc_cell_contour,20161216_I03_004.czi_nucSegScaleContourXY.tiff,20161216_I03_004.czi_cellSegScaleContourXY.tiff,20161216_I03_004.czi_nucSegScaleContourXY.tiff,20161216_I03_004.czi_cellSegScaleContourXY.tiff
5,2017_02_17,3,\\aibsdata\aics\AssayDevelopment\MicroscopyData\Irina\2016\20161216,20161216_I03_005.czi,0.065,0.29,1,3,2,Alpha actinin,4,1,\\aibsdata\aics\AssayDevelopment\Analysis\toAnimatedCell\2017_02_17_Nuc_Cell_Seg_For_Release_Group_2\20161216_I03\nuc_cell_segmentation,20161216_I03_005.czi_nucWholeIndex.tiff,20161216_I03_005.czi_cellWholeIndex.tiff,1;3;4;,0.065,0.29,20161216_I03_005.czi_nucWholeIndex.tiff,20161216_I03_005.czi_cellWholeIndex.tiff,\\aibsdata\aics\AssayDevelopment\Analysis\toAnimatedCell\2017_03_08_Struct_First_Pass_Seg\20161216_I03\structure_segmentation,20161216_I03_005_structSegment.tiff,20161216_I03_005_structContour.tiff,20161216_I03_005_structSegment.tiff,20161216_I03_005_structContour.tiff,ALN3.0,\\aibsdata\aics\AssayDevelopment\Analysis\toAnimatedCell\2017_03_08_Struct_First_Pass_Seg\20161216_I03\nuc_cell_contour,20161216_I03_005.czi_nucSegScaleContourXY.tiff,20161216_I03_005.czi_cellSegScaleContourXY.tiff,20161216_I03_005.czi_nucSegScaleContourXY.tiff,20161216_I03_005.czi_cellSegScaleContourXY.tiff
6,2017_02_17,3,\\aibsdata\aics\AssayDevelopment\MicroscopyData\Irina\2016\20161216,20161216_I03_006.czi,0.065,0.29,1,3,2,Alpha actinin,4,1,\\aibsdata\aics\AssayDevelopment\Analysis\toAnimatedCell\2017_02_17_Nuc_Cell_Seg_For_Release_Group_2\20161216_I03\nuc_cell_segmentation,20161216_I03_006.czi_nucWholeIndex.tiff,20161216_I03_006.czi_cellWholeIndex.tiff,3;4;5;,0.065,0.29,20161216_I03_006.czi_nucWholeIndex.tiff,20161216_I03_006.czi_cellWholeIndex.tiff,\\aibsdata\aics\AssayDevelopment\Analysis\toAnimatedCell\2017_03_08_Struct_First_Pass_Seg\20161216_I03\structure_segmentation,20161216_I03_006_structSegment.tiff,20161216_I03_006_structContour.tiff,20161216_I03_006_structSegment.tiff,20161216_I03_006_structContour.tiff,ALN3.0,\\aibsdata\aics\AssayDevelopment\Analysis\toAnimatedCell\2017_03_08_Struct_First_Pass_Seg\20161216_I03\nuc_cell_contour,20161216_I03_006.czi_nucSegScaleContourXY.tiff,20161216_I03_006.czi_cellSegScaleContourXY.tiff,20161216_I03_006.czi_nucSegScaleContourXY.tiff,20161216_I03_006.czi_cellSegScaleContourXY.tiff
7,2017_02_17,3,\\aibsdata\aics\AssayDevelopment\MicroscopyData\Irina\2016\20161216,20161216_I03_007.czi,0.065,0.29,1,3,2,Alpha actinin,4,1,\\aibsdata\aics\AssayDevelopment\Analysis\toAnimatedCell\2017_02_17_Nuc_Cell_Seg_For_Release_Group_2\20161216_I03\nuc_cell_segmentation,20161216_I03_007.czi_nucWholeIndex.tiff,20161216_I03_007.czi_cellWholeIndex.tiff,1;2;4;5;6;,0.065,0.29,20161216_I03_007.czi_nucWholeIndex.tiff,20161216_I03_007.czi_cellWholeIndex.tiff,\\aibsdata\aics\AssayDevelopment\Analysis\toAnimatedCell\2017_03_08_Struct_First_Pass_Seg\20161216_I03\structure_segmentation,20161216_I03_007_structSegment.tiff,20161216_I03_007_structContour.tiff,20161216_I03_007_structSegment.tiff,20161216_I03_007_structContour.tiff,ALN3.0,\\aibsdata\aics\AssayDevelopment\Analysis\toAnimatedCell\2017_03_08_Struct_First_Pass_Seg\20161216_I03\nuc_cell_contour,20161216_I03_007.czi_nucSegScaleContourXY.tiff,20161216_I03_007.czi_cellSegScaleContourXY.tiff,20161216_I03_007.czi_nucSegScaleContourXY.tiff,20161216_I03_007.czi_cellSegScaleContourXY.tiff
8,2017_02_17,3,\\aibsdata\aics\AssayDevelopment\MicroscopyData\Irina\2016\20161216,20161216_I03_008.czi,0.065,0.29,1,3,2,Alpha actinin,4,1,\\aibsdata\aics\AssayDevelopment\Analysis\toAnimatedCell\2017_02_17_Nuc_Cell_Seg_For_Release_Group_2\20161216_I03\nuc_cell_segmentation,20161216_I03_008.czi_nucWholeIndex.tiff,20161216_I03_008.czi_cellWholeIndex.tiff,1;2;3;4;5;6;,0.065,0.29,20161216_I03_008.czi_nucWholeIndex.tiff,20161216_I03_008.czi_cellWholeIndex.tiff,\\aibsdata\aics\AssayDevelopment\Analysis\toAnimatedCell\2017_03_08_Struct_First_Pass_Seg\20161216_I03\structure_segmentation,20161216_I03_008_structSegment.tiff,20161216_I03_008_structContour.tiff,20161216_I03_008_structSegment.tiff,20161216_I03_008_structContour.tiff,ALN3.0,\\aibsdata\aics\AssayDevelopment\Analysis\toAnimatedCell\2017_03_08_Struct_First_Pass_Seg\20161216_I03\nuc_cell_contour,20161216_I03_008.czi_nucSegScaleContourXY.tiff,20161216_I03_008.czi_cellSegScaleContourXY.tiff,20161216_I03_008.czi_nucSegScaleContourXY.tiff,20161216_I03_008.czi_cellSegScaleContourXY.tiff
9,2017_02_17,3,\\aibsdata\aics\AssayDevelopment\MicroscopyData\Irina\2016\20161216,20161216_I03_009.czi,0.065,0.29,1,3,2,Alpha actinin,4,1,\\aibsdata\aics\AssayDevelopment\Analysis\toAnimatedCell\2017_02_17_Nuc_Cell_Seg_For_Release_Group_2\20161216_I03\nuc_cell_segmentation,20161216_I03_009.czi_nucWholeIndex.tiff,20161216_I03_009.czi_cellWholeIndex.tiff,1;2;4;5;6;7;,0.065,0.29,20161216_I03_009.czi_nucWholeIndex.tiff,20161216_I03_009.czi_cellWholeIndex.tiff,\\aibsdata\aics\AssayDevelopment\Analysis\toAnimatedCell\2017_03_08_Struct_First_Pass_Seg\20161216_I03\structure_segmentation,20161216_I03_009_structSegment.tiff,20161216_I03_009_structContour.tiff,20161216_I03_009_structSegment.tiff,20161216_I03_009_structContour.tiff,ALN3.0,\\aibsdata\aics\AssayDevelopment\Analysis\toAnimatedCell\2017_03_08_Struct_First_Pass_Seg\20161216_I03\nuc_cell_contour,20161216_I03_009.czi_nucSegScaleContourXY.tiff,20161216_I03_009.czi_cellSegScaleContourXY.tiff,20161216_I03_009.czi_nucSegScaleContourXY.tiff,20161216_I03_009.czi_cellSegScaleContourXY.tiff
10,2017_02_17,3,\\aibsdata\aics\AssayDevelopment\MicroscopyData\Irina\2016\20161216,20161216_I03_010.czi,0.065,0.29,1,3,2,Alpha actinin,4,1,\\aibsdata\aics\AssayDevelopment\Analysis\toAnimatedCell\2017_02_17_Nuc_Cell_Seg_For_Release_Group_2\20161216_I03\nuc_cell_segmentation,20161216_I03_010.czi_nucWholeIndex.tiff,20161216_I03_010.czi_cellWholeIndex.tiff,1;2;5;6;,0.065,0.29,20161216_I03_010.czi_nucWholeIndex.tiff,20161216_I03_010.czi_cellWholeIndex.tiff,\\aibsdata\aics\AssayDevelopment\Analysis\toAnimatedCell\2017_03_08_Struct_First_Pass_Seg\20161216_I03\structure_segmentation,20161216_I03_010_structSegment.tiff,20161216_I03_010_structContour.tiff,20161216_I03_010_structSegment.tiff,20161216_I03_010_structContour.tiff,ALN3.0,\\aibsdata\aics\AssayDevelopment\Analysis\toAnimatedCell\2017_03_08_Struct_First_Pass_Seg\20161216_I03\nuc_cell_contour,20161216_I03_010.czi_nucSegScaleContourXY.tiff,20161216_I03_010.czi_cellSegScaleContourXY.tiff,20161216_I03_010.czi_nucSegScaleContourXY.tiff,20161216_I03_010.czi_cellSegScaleContourXY.tiff
11,2017_02_17,3,\\aibsdata\aics\AssayDevelopment\MicroscopyData\Irina\2016\20161216,20161216_I03_011.czi,0.065,0.29,1,3,2,Alpha actinin,4,1,\\aibsdata\aics\AssayDevelopment\Analysis\toAnimatedCell\2017_02_17_Nuc_Cell_Seg_For_Release_Group_2\20161216_I03\nuc_cell_segmentation,20161216_I03_011.czi_nucWholeIndex.tiff,20161216_I03_011.czi_cellWholeIndex.tiff,1;2;3;7;,0.065,0.29,20161216_I03_011.czi_nucWholeIndex.tiff,20161216_I03_011.czi_cellWholeIndex.tiff,\\aibsdata\aics\AssayDevelopment\Analysis\toAnimatedCell\2017_03_08_Struct_First_Pass_Seg\20161216_I03\structure_segmentation,20161216_I03_011_structSegment.tiff,20161216_I03_011_structContour.tiff,20161216_I03_011_structSegment.tiff,20161216_I03_011_structContour.tiff,ALN3.0,\\aibsdata\aics\AssayDevelopment\Analysis\toAnimatedCell\2017_03_08_Struct_First_Pass_Seg\20161216_I03\nuc_cell_contour,20161216_I03_011.czi_nucSegScaleContourXY.tiff,20161216_I03_011.czi_cellSegScaleContourXY.tiff,20161216_I03_011.czi_nucSegScaleContourXY.tiff,20161216_I03_011.czi_cellSegScaleContourXY.tiff
12,2017_02_17,3,\\aibsdata\aics\AssayDevelopment\MicroscopyData\Irina\2016\20161216,20161216_I03_012.czi,0.065,0.29,1,3,2,Alpha actinin,4,1,\\aibsdata\aics\AssayDevelopment\Analysis\toAnimatedCell\2017_02_17_Nuc_Cell_Seg_For_Release_Group_2\20161216_I03\nuc_cell_segmentation,20161216_I03_012.czi_nucWholeIndex.tiff,20161216_I03_012.czi_cellWholeIndex.tiff,1;2;3;4;5;,0.065,0.29,20161216_I03_012.czi_nucWholeIndex.tiff,20161216_I03_012.czi_cellWholeIndex.tiff,\\aibsdata\aics\AssayDevelopment\Analysis\toAnimatedCell\2017_03_08_Struct_First_Pass_Seg\20161216_I03\structure_segmentation,20161216_I03_012_structSegment.tiff,20161216_I03_012_structContour.tiff,20161216_I03_012_structSegment.tiff,20161216_I03_012_structContour.tiff,ALN3.0,\\aibsdata\aics\AssayDevelopment\Analysis\toAnimatedCell\2017_03_08_Struct_First_Pass_Seg\20161216_I03\nuc_cell_contour,20161216_I03_012.czi_nucSegScaleContourXY.tiff,20161216_I03_012.czi_cellSegScaleContourXY.tiff,20161216_I03_012.czi_nucSegScaleContourXY.tiff,20161216_I03_012.czi_cellSegScaleContourXY.tiff
13,2017_02_17,3,\\aibsdata\aics\AssayDevelopment\MicroscopyData\Irina\2016\20161216,20161216_I03_013.czi,0.065,0.29,1,3,2,Alpha actinin,4,1,\\aibsdata\aics\AssayDevelopment\Analysis\toAnimatedCell\2017_02_17_Nuc_Cell_Seg_For_Release_Group_2\20161216_I03\nuc_cell_segmentation,20161216_I03_013.czi_nucWholeIndex.tiff,20161216_I03_013.czi_cellWholeIndex.tiff,1;2;3;4;,0.065,0.29,20161216_I03_013.czi_nucWholeIndex.tiff,20161216_I03_013.czi_cellWholeIndex.tiff,\\aibsdata\aics\AssayDevelopment\Analysis\toAnimatedCell\2017_03_08_Struct_First_Pass_Seg\20161216_I03\structure_segmentation,20161216_I03_013_structSegment.tiff,20161216_I03_013_structContour.tiff,20161216_I03_013_structSegment.tiff,20161216_I03_013_structContour.tiff,ALN3.0,\\aibsdata\aics\AssayDevelopment\Analysis\toAnimatedCell\2017_03_08_Struct_First_Pass_Seg\20161216_I03\nuc_cell_contour,20161216_I03_013.czi_nucSegScaleContourXY.tiff,20161216_I03_013.czi_cellSegScaleContourXY.tiff,20161216_I03_013.czi_nucSegScaleContourXY.tiff,20161216_I03_013.czi_cellSegScaleContourXY.tiff
14,2017_02_17,3,\\aibsdata\aics\AssayDevelopment\MicroscopyData\Irina\2016\20161216,20161216_I03_015.czi,0.065,0.29,1,3,2,Alpha actinin,4,1,\\aibsdata\aics\AssayDevelopment\Analysis\toAnimatedCell\2017_02_17_Nuc_Cell_Seg_For_Release_Group_2\20161216_I03\nuc_cell_segmentation,20161216_I03_015.czi_nucWholeIndex.tiff,20161216_I03_015.czi_cellWholeIndex.tiff,1;2;4;5;,0.065,0.29,20161216_I03_015.czi_nucWholeIndex.tiff,20161216_I03_015.czi_cellWholeIndex.tiff,\\aibsdata\aics\AssayDevelopment\Analysis\toAnimatedCell\2017_03_08_Struct_First_Pass_Seg\20161216_I03\structure_segmentation,20161216_I03_015_structSegment.tiff,20161216_I03_015_structContour.tiff,20161216_I03_015_structSegment.tiff,20161216_I03_015_structContour.tiff,ALN3.0,\\aibsdata\aics\AssayDevelopment\Analysis\toAnimatedCell\2017_03_08_Struct_First_Pass_Seg\20161216_I03\nuc_cell_contour,20161216_I03_015.czi_nucSegScaleContourXY.tiff,20161216_I03_015.czi_cellSegScaleContourXY.tiff,20161216_I03_015.czi_nucSegScaleContourXY.tiff,20161216_I03_015.czi_cellSegScaleContourXY.tiff
15,2017_02_17,3,\\aibsdata\aics\AssayDevelopment\MicroscopyData\Irina\2016\20161216,20161216_I03_016.czi,0.065,0.29,1,3,2,Alpha actinin,4,1,\\aibsdata\aics\AssayDevelopment\Analysis\toAnimatedCell\2017_02_17_Nuc_Cell_Seg_For_Release_Group_2\20161216_I03\nuc_cell_segmentation,20161216_I03_016.czi_nucWholeIndex.tiff,20161216_I03_016.czi_cellWholeIndex.tiff,1;2;3;4;5;6;7;,0.065,0.29,20161216_I03_016.czi_nucWholeIndex.tiff,20161216_I03_016.czi_cellWholeIndex.tiff,\\aibsdata\aics\AssayDevelopment\Analysis\toAnimatedCell\2017_03_08_Struct_First_Pass_Seg\20161216_I03\structure_segmentation,20161216_I03_016_structSegment.tiff,20161216_I03_016_structContour.tiff,20161216_I03_016_structSegment.tiff,20161216_I03_016_structContour.tiff,ALN3.0,\\aibsdata\aics\AssayDevelopment\Analysis\toAnimatedCell\2017_03_08_Struct_First_Pass_Seg\20161216_I03\nuc_cell_contour,20161216_I03_016.czi_nucSegScaleContourXY.tiff,20161216_I03_016.czi_cellSegScaleContourXY.tiff,20161216_I03_016.czi_nucSegScaleContourXY.tiff,20161216_I03_016.czi_cellSegScaleContourXY.tiff
16,2017_02_17,3,\\aibsdata\aics\AssayDevelopment\MicroscopyData\Irina\2016\20161216,20161216_I03_017.czi,0.065,0.29,1,3,2,Alpha actinin,4,1,\\aibsdata\aics\AssayDevelopment\Analysis\toAnimatedCell\2017_02_17_Nuc_Cell_Seg_For_Release_Group_2\20161216_I03\nuc_cell_segmentation,20161216_I03_017.czi_nucWholeIndex.tiff,20161216_I03_017.czi_cellWholeIndex.tiff,1;4;5;,0.065,0.29,20161216_I03_017.czi_nucWholeIndex.tiff,20161216_I03_017.czi_cellWholeIndex.tiff,\\aibsdata\aics\AssayDevelopment\Analysis\toAnimatedCell\2017_03_08_Struct_First_Pass_Seg\20161216_I03\structure_segmentation,20161216_I03_017_structSegment.tiff,20161216_I03_017_structContour.tiff,20161216_I03_017_structSegment.tiff,20161216_I03_017_structContour.tiff,ALN3.0,\\aibsdata\aics\AssayDevelopment\Analysis\toAnimatedCell\2017_03_08_Struct_First_Pass_Seg\20161216_I03\nuc_cell_contour,20161216_I03_017.czi_nucSegScaleContourXY.tiff,20161216_I03_017.czi_cellSegScaleContourXY.tiff,20161216_I03_017.czi_nucSegScaleContourXY.tiff,20161216_I03_017.czi_cellSegScaleContourXY.tiff
17,2017_02_17,3,\\aibsdata\aics\AssayDevelopment\MicroscopyData\Irina\2016\20161216,20161216_I03_018.czi,0.065,0.29,1,3,2,Alpha actinin,4,1,\\aibsdata\aics\AssayDevelopment\Analysis\toAnimatedCell\2017_02_17_Nuc_Cell_Seg_For_Release_Group_2\20161216_I03\nuc_cell_segmentation,20161216_I03_018.czi_nucWholeIndex.tiff,20161216_I03_018.czi_cellWholeIndex.tiff,1;2;3;8;,0.065,0.29,20161216_I03_018.czi_nucWholeIndex.tiff,20161216_I03_018.czi_cellWholeIndex.tiff,\\aibsdata\aics\AssayDevelopment\Analysis\toAnimatedCell\2017_03_08_Struct_First_Pass_Seg\20161216_I03\structure_segmentation,20161216_I03_018_structSegment.tiff,20161216_I03_018_structContour.tiff,20161216_I03_018_structSegment.tiff,20161216_I03_018_structContour.tiff,ALN3.0,\\aibsdata\aics\AssayDevelopment\Analysis\toAnimatedCell\2017_03_08_Struct_First_Pass_Seg\20161216_I03\nuc_cell_contour,20161216_I03_018.czi_nucSegScaleContourXY.tiff,20161216_I03_018.czi_cellSegScaleContourXY.tiff,20161216_I03_018.czi_nucSegScaleContourXY.tiff,20161216_I03_018.czi_cellSegScaleContourXY.tiff
18,2017_02_17,3,\\aibsdata\aics\AssayDevelopment\MicroscopyData\Irina\2016\20161216,20161216_I03_019.czi,0.065,0.29,1,3,2,Alpha actinin,4,1,\\aibsdata\aics\AssayDevelopment\Analysis\toAnimatedCell\2017_02_17_Nuc_Cell_Seg_For_Release_Group_2\20161216_I03\nuc_cell_segmentation,20161216_I03_019.czi_nucWholeIndex.tiff,20161216_I03_019.czi_cellWholeIndex.tiff,1;3;5;6;,0.065,0.29,20161216_I03_019.czi_nucWholeIndex.tiff,20161216_I03_019.czi_cellWholeIndex.tiff,\\aibsdata\aics\AssayDevelopment\Analysis\toAnimatedCell\2017_03_08_Struct_First_Pass_Seg\20161216_I03\structure_segmentation,20161216_I03_019_structSegment.tiff,20161216_I03_019_structContour.tiff,20161216_I03_019_structSegment.tiff,20161216_I03_019_structContour.tiff,ALN3.0,\\aibsdata\aics\AssayDevelopment\Analysis\toAnimatedCell\2017_03_08_Struct_First_Pass_Seg\20161216_I03\nuc_cell_contour,20161216_I03_019.czi_nucSegScaleContourXY.tiff,20161216_I03_019.czi_cellSegScaleContourXY.tiff,20161216_I03_019.czi_nucSegScaleContourXY.tiff,20161216_I03_019.czi_cellSegScaleContourXY.tiff
19,2017_02_17,3,\\aibsdata\aics\AssayDevelopment\MicroscopyData\Irina\2016\20161216,20161216_I03_020.czi,0.065,0.29,1,3,2,Alpha actinin,4,1,\\aibsdata\aics\AssayDevelopment\Analysis\toAnimatedCell\2017_02_17_Nuc_Cell_Seg_For_Release_Group_2\20161216_I03\nuc_cell_segmentation,20161216_I03_020.czi_nucWholeIndex.tiff,20161216_I03_020.czi_cellWholeIndex.tiff,4;,0.065,0.29,20161216_I03_020.czi_nucWholeIndex.tiff,20161216_I03_020.czi_cellWholeIndex.tiff,\\aibsdata\aics\AssayDevelopment\Analysis\toAnimatedCell\2017_03_08_Struct_First_Pass_Seg\20161216_I03\structure_segmentation,20161216_I03_020_structSegment.tiff,20161216_I03_020_structContour.tiff,20161216_I03_020_structSegment.tiff,20161216_I03_020_structContour.tiff,ALN3.0,\\aibsdata\aics\AssayDevelopment\Analysis\toAnimatedCell\2017_03_08_Struct_First_Pass_Seg\20161216_I03\nuc_cell_contour,20161216_I03_020.czi_nucSegScaleContourXY.tiff,20161216_I03_020.czi_cellSegScaleContourXY.tiff,20161216_I03_020.czi_nucSegScaleContourXY.tiff,20161216_I03_020.czi_cellSegScaleContourXY.tiff
20,2017_02_17,3,\\aibsdata\aics\AssayDevelopment\MicroscopyData\Irina\2016\20161216,20161216_I03_021.czi,0.065,0.29,1,3,2,Alpha actinin,4,1,\\aibsdata\aics\AssayDevelopment\Analysis\toAnimatedCell\2017_02_17_Nuc_Cell_Seg_For_Release_Group_2\20161216_I03\nuc_cell_segmentation,20161216_I03_021.czi_nucWholeIndex.tiff,20161216_I03_021.czi_cellWholeIndex.tiff,1;3;5;6;,0.065,0.29,20161216_I03_021.czi_nucWholeIndex.tiff,20161216_I03_021.czi_cellWholeIndex.tiff,\\aibsdata\aics\AssayDevelopment\Analysis\toAnimatedCell\2017_03_08_Struct_First_Pass_Seg\20161216_I03\structure_segmentation,20161216_I03_021_structSegment.tiff,20161216_I03_021_structContour.tiff,20161216_I03_021_structSegment.tiff,20161216_I03_021_structContour.tiff,ALN3.0,\\aibsdata\aics\AssayDevelopment\Analysis\toAnimatedCell\2017_03_08_Struct_First_Pass_Seg\20161216_I03\nuc_cell_contour,20161216_I03_021.czi_nucSegScaleContourXY.tiff,20161216_I03_021.czi_cellSegScaleContourXY.tiff,20161216_I03_021.czi_nucSegScaleContourXY.tiff,20161216_I03_021.czi_cellSegScaleContourXY.tiff
21,2017_02_17,3,\\aibsdata\aics\AssayDevelopment\MicroscopyData\Irina\2016\20161216,20161216_I03_022.czi,0.065,0.29,1,3,2,Alpha actinin,4,1,\\aibsdata\aics\AssayDevelopment\Analysis\toAnimatedCell\2017_02_17_Nuc_Cell_Seg_For_Release_Group_2\20161216_I03\nuc_cell_segmentation,20161216_I03_022.czi_nucWholeIndex.tiff,20161216_I03_022.czi_cellWholeIndex.tiff,1;2;,0.065,0.29,20161216_I03_022.czi_nucWholeIndex.tiff,20161216_I03_022.czi_cellWholeIndex.tiff,\\aibsdata\aics\AssayDevelopment\Analysis\toAnimatedCell\2017_03_08_Struct_First_Pass_Seg\20161216_I03\structure_segmentation,20161216_I03_022_structSegment.tiff,20161216_I03_022_structContour.tiff,20161216_I03_022_structSegment.tiff,20161216_I03_022_structContour.tiff,ALN3.0,\\aibsdata\aics\AssayDevelopment\Analysis\toAnimatedCell\2017_03_08_Struct_First_Pass_Seg\20161216_I03\nuc_cell_contour,20161216_I03_022.czi_nucSegScaleContourXY.tiff,20161216_I03_022.czi_cellSegScaleContourXY.tiff,20161216_I03_022.czi_nucSegScaleContourXY.tiff,20161216_I03_022.czi_cellSegScaleContourXY.tiff
22,2017_02_17,3,\\aibsdata\aics\AssayDevelopment\MicroscopyData\Irina\2016\20161216,20161216_I03_023.czi,0.065,0.29,1,3,2,Alpha actinin,4,1,\\aibsdata\aics\AssayDevelopment\Analysis\toAnimatedCell\2017_02_17_Nuc_Cell_Seg_For_Release_Group_2\20161216_I03\nuc_cell_segmentation,20161216_I03_023.czi_nucWholeIndex.tiff,20161216_I03_023.czi_cellWholeIndex.tiff,1;2;3;4;5;6;7;8;9;10;,0.065,0.29,20161216_I03_023.czi_nucWholeIndex.tiff,20161216_I03_023.czi_cellWholeIndex.tiff,\\aibsdata\aics\AssayDevelopment\Analysis\toAnimatedCell\2017_03_08_Struct_First_Pass_Seg\20161216_I03\structure_segmentation,20161216_I03_023_structSegment.tiff,20161216_I03_023_structContour.tiff,20161216_I03_023_structSegment.tiff,20161216_I03_023_structContour.tiff,ALN3.0,\\aibsdata\aics\AssayDevelopment\Analysis\toAnimatedCell\2017_03_08_Struct_First_Pass_Seg\20161216_I03\nuc_cell_contour,20161216_I03_023.czi_nucSegScaleContourXY.tiff,20161216_I03_023.czi_cellSegScaleContourXY.tiff,20161216_I03_023.czi_nucSegScaleContourXY.tiff,20161216_I03_023.czi_cellSegScaleContourXY.tiff
23,2017_02_17,3,\\aibsdata\aics\AssayDevelopment\MicroscopyData\Irina\2016\20161216,20161216_I03_024.czi,0.065,0.29,1,3,2,Alpha actinin,4,1,\\aibsdata\aics\AssayDevelopment\Analysis\toAnimatedCell\2017_02_17_Nuc_Cell_Seg_For_Release_Group_2\20161216_I03\nuc_cell_segmentation,20161216_I03_024.czi_nucWholeIndex.tiff,20161216_I03_024.czi_cellWholeIndex.tiff,1;2;4;5;6;7;8;,0.065,0.29,20161216_I03_024.czi_nucWholeIndex.tiff,20161216_I03_024.czi_cellWholeIndex.tiff,\\aibsdata\aics\AssayDevelopment\Analysis\toAnimatedCell\2017_03_08_Struct_First_Pass_Seg\20161216_I03\structure_segmentation,20161216_I03_024_structSegment.tiff,20161216_I03_024_structContour.tiff,20161216_I03_024_structSegment.tiff,20161216_I03_024_structContour.tiff,ALN3.0,\\aibsdata\aics\AssayDevelopment\Analysis\toAnimatedCell\2017_03_08_Struct_First_Pass_Seg\20161216_I03\nuc_cell_contour,20161216_I03_024.czi_nucSegScaleContourXY.tiff,20161216_I03_024.czi_cellSegScaleContourXY.tiff,20161216_I03_024.czi_nucSegScaleContourXY.tiff,20161216_I03_024.czi_cellSegScaleContourXY.tiff
24,2017_02_17,3,\\aibsdata\aics\AssayDevelopment\MicroscopyData\Irina\2016\20161216,20161216_I03_025.czi,0.065,0.29,1,3,2,Alpha actinin,4,1,\\aibsdata\aics\AssayDevelopment\Analysis\toAnimatedCell\2017_02_17_Nuc_Cell_Seg_For_Release_Group_2\20161216_I03\nuc_cell_segmentation,20161216_I03_025.czi_nucWholeIndex.tiff,20161216_I03_025.czi_cellWholeIndex.tiff,1;,0.065,0.29,20161216_I03_025.czi_nucWholeIndex.tiff,20161216_I03_025.czi_cellWholeIndex.tiff,\\aibsdata\aics\AssayDevelopment\Analysis\toAnimatedCell\2017_03_08_Struct_First_Pass_Seg\20161216_I03\structure_segmentation,20161216_I03_025_structSegment.tiff,20161216_I03_025_structContour.tiff,20161216_I03_025_structSegment.tiff,20161216_I03_025_structContour.tiff,ALN3.0,\\aibsdata\aics\AssayDevelopment\Analysis\toAnimatedCell\2017_03_08_Struct_First_Pass_Seg\20161216_I03\nuc_cell_contour,20161216_I03_025.czi_nucSegScaleContourXY.tiff,20161216_I03_025.czi_cellSegScaleContourXY.tiff,20161216_I03_025.czi_nucSegScaleContourXY.tiff,20161216_I03_025.czi_cellSegScaleContourXY.tiff
25,2017_02_17,3,\\aibsdata\aics\AssayDevelopment\MicroscopyData\Irina\2016\20161216,20161216_I03_026.czi,0.065,0.29,1,3,2,Alpha actinin,4,1,\\aibsdata\aics\AssayDevelopment\Analysis\toAnimatedCell\2017_02_17_Nuc_Cell_Seg_For_Release_Group_2\20161216_I03\nuc_cell_segmentation,20161216_I03_026.czi_nucWholeIndex.tiff,20161216_I03_026.czi_cellWholeIndex.tiff,1;4;5;6;,0.065,0.29,20161216_I03_026.czi_nucWholeIndex.tiff,20161216_I03_026.czi_cellWholeIndex.tiff,\\aibsdata\aics\AssayDevelopment\Analysis\toAnimatedCell\2017_03_08_Struct_First_Pass_Seg\20161216_I03\structure_segmentation,20161216_I03_026_structSegment.tiff,20161216_I03_026_structContour.tiff,20161216_I03_026_structSegment.tiff,20161216_I03_026_structContour.tiff,ALN3.0,\\aibsdata\aics\AssayDevelopment\Analysis\toAnimatedCell\2017_03_08_Struct_First_Pass_Seg\20161216_I03\nuc_cell_contour,20161216_I03_026.czi_nucSegScaleContourXY.tiff,20161216_I03_026.czi_cellSegScaleContourXY.tiff,20161216_I03_026.czi_nucSegScaleContourXY.tiff,20161216_I03_026.czi_cellSegScaleContourXY.tiff
26,2017_02_17,3,\\aibsdata\aics\AssayDevelopment\MicroscopyData\Irina\2016\20161216,20161216_I03_027.czi,0.065,0.29,1,3,2,Alpha actinin,4,1,\\aibsdata\aics\AssayDevelopment\Analysis\toAnimatedCell\2017_02_17_Nuc_Cell_Seg_For_Release_Group_2\20161216_I03\nuc_cell_segmentation,20161216_I03_027.czi_nucWholeIndex.tiff,20161216_I03_027.czi_cellWholeIndex.tiff,1;2;3;4;5;6;,0.065,0.29,20161216_I03_027.czi_nucWholeIndex.tiff,20161216_I03_027.czi_cellWholeIndex.tiff,\\aibsdata\aics\AssayDevelopment\Analysis\toAnimatedCell\2017_03_08_Struct_First_Pass_Seg\20161216_I03\structure_segmentation,20161216_I03_027_structSegment.tiff,20161216_I03_027_structContour.tiff,20161216_I03_027_structSegment.tiff,20161216_I03_027_structContour.tiff,ALN3.0,\\aibsdata\aics\AssayDevelopment\Analysis\toAnimatedCell\2017_03_08_Struct_First_Pass_Seg\20161216_I03\nuc_cell_contour,20161216_I03_027.czi_nucSegScaleContourXY.tiff,20161216_I03_027.czi_cellSegScaleContourXY.tiff,20161216_I03_027.czi_nucSegScaleContourXY.tiff,20161216_I03_027.czi_cellSegScaleContourXY.tiff
27,2017_02_17,3,\\aibsdata\aics\AssayDevelopment\MicroscopyData\Irina\2016\20161216,20161216_I03_028.czi,0.065,0.29,1,3,2,Alpha actinin,4,1,\\aibsdata\aics\AssayDevelopment\Analysis\toAnimatedCell\2017_02_17_Nuc_Cell_Seg_For_Release_Group_2\20161216_I03\nuc_cell_segmentation,20161216_I03_028.czi_nucWholeIndex.tiff,20161216_I03_028.czi_cellWholeIndex.tiff,1;3;5;,0.065,0.29,20161216_I03_028.czi_nucWholeIndex.tiff,20161216_I03_028.czi_cellWholeIndex.tiff,\\aibsdata\aics\AssayDevelopment\Analysis\toAnimatedCell\2017_03_08_Struct_First_Pass_Seg\20161216_I03\structure_segmentation,20161216_I03_028_structSegment.tiff,20161216_I03_028_structContour.tiff,20161216_I03_028_structSegment.tiff,20161216_I03_028_structContour.tiff,ALN3.0,\\aibsdata\aics\AssayDevelopment\Analysis\toAnimatedCell\2017_03_08_Struct_First_Pass_Seg\20161216_I03\nuc_cell_contour,20161216_I03_028.czi_nucSegScaleContourXY.tiff,20161216_I03_028.czi_cellSegScaleContourXY.tiff,20161216_I03_028.czi_nucSegScaleContourXY.tiff,20161216_I03_028.czi_cellSegScaleContourXY.tiff
28,2017_02_17,3,\\aibsdata\aics\AssayDevelopment\MicroscopyData\Irina\2016\20161216,20161216_I03_029.czi,0.065,0.29,1,3,2,Alpha actinin,4,1,\\aibsdata\aics\AssayDevelopment\Analysis\toAnimatedCell\2017_02_17_Nuc_Cell_Seg_For_Release_Group_2\20161216_I03\nuc_cell_segmentation,20161216_I03_029.czi_nucWholeIndex.tiff,20161216_I03_029.czi_cellWholeIndex.tiff,6;7;8;9;,0.065,0.29,20161216_I03_029.czi_nucWholeIndex.tiff,20161216_I03_029.czi_cellWholeIndex.tiff,\\aibsdata\aics\AssayDevelopment\Analysis\toAnimatedCell\2017_03_08_Struct_First_Pass_Seg\20161216_I03\structure_segmentation,20161216_I03_029_structSegment.tiff,20161216_I03_029_structContour.tiff,20161216_I03_029_structSegment.tiff,20161216_I03_029_structContour.tiff,ALN3.0,\\aibsdata\aics\AssayDevelopment\Analysis\toAnimatedCell\2017_03_08_Struct_First_Pass_Seg\20161216_I03\nuc_cell_contour,20161216_I03_029.czi_nucSegScaleContourXY.tiff,20161216_I03_029.czi_cellSegScaleContourXY.tiff,20161216_I03_029.czi_nucSegScaleContourXY.tiff,20161216_I03_029.czi_cellSegScaleContourXY.tiff
29,2017_02_17,3,\\aibsdata\aics\AssayDevelopment\MicroscopyData\Irina\2016\20161216,20161216_I03_030.czi,0.065,0.29,1,3,2,Alpha actinin,4,1,\\aibsdata\aics\AssayDevelopment\Analysis\toAnimatedCell\2017_02_17_Nuc_Cell_Seg_For_Release_Group_2\20161216_I03\nuc_cell_segmentation,20161216_I03_030.czi_nucWholeIndex.tiff,20161216_I03_030.czi_cellWholeIndex.tiff,1;2;3;4;6;,0.065,0.29,20161216_I03_030.czi_nucWholeIndex.tiff,20161216_I03_030.czi_cellWholeIndex.tiff,\\aibsdata\aics\AssayDevelopment\Analysis\toAnimatedCell\2017_03_08_Struct_First_Pass_Seg\20161216_I03\structure_segmentation,20161216_I03_030_structSegment.tiff,20161216_I03_030_structContour.tiff,20161216_I03_030_structSegment.tiff,20161216_I03_030_structContour.tiff,ALN3.0,\\aibsdata\aics\AssayDevelopment\Analysis\toAnimatedCell\2017_03_08_Struct_First_Pass_Seg\20161216_I03\nuc_cell_contour,20161216_I03_030.czi_nucSegScaleContourXY.tiff,20161216_I03_030.czi_cellSegScaleContourXY.tiff,20161216_I03_030.czi_nucSegScaleContourXY.tiff,20161216_I03_030.czi_cellSegScaleContourXY.tiff
30,2017_02_17,3,\\aibsdata\aics\AssayDevelopment\MicroscopyData\Irina\2016\20161216,20161216_I03_031.czi,0.065,0.29,1,3,2,Alpha actinin,4,1,\\aibsdata\aics\AssayDevelopment\Analysis\toAnimatedCell\2017_02_17_Nuc_Cell_Seg_For_Release_Group_2\20161216_I03\nuc_cell_segmentation,20161216_I03_031.czi_nucWholeIndex.tiff,20161216_I03_031.czi_cellWholeIndex.tiff,1;2;3;4;6;,0.065,0.29,20161216_I03_031.czi_nucWholeIndex.tiff,20161216_I03_031.czi_cellWholeIndex.tiff,\\aibsdata\aics\AssayDevelopment\Analysis\toAnimatedCell\2017_03_08_Struct_First_Pass_Seg\20161216_I03\structure_segmentation,20161216_I03_031_structSegment.tiff,20161216_I03_031_structContour.tiff,20161216_I03_031_structSegment.tiff,20161216_I03_031_structContour.tiff,ALN3.0,\\aibsdata\aics\AssayDevelopment\Analysis\toAnimatedCell\2017_03_08_Struct_First_Pass_Seg\20161216_I03\nuc_cell_contour,20161216_I03_031.czi_nucSegScaleContourXY.tiff,20161216_I03_031.czi_cellSegScaleContourXY.tiff,20161216_I03_031.czi_nucSegScaleContourXY.tiff,20161216_I03_031.czi_cellSegScaleContourXY.tiff
31,2017_02_17,3,\\aibsdata\aics\AssayDevelopment\MicroscopyData\Irina\2016\20161216,20161216_I03_032.czi,0.065,0.29,1,3,2,Alpha actinin,4,1,\\aibsdata\aics\AssayDevelopment\Analysis\toAnimatedCell\2017_02_17_Nuc_Cell_Seg_For_Release_Group_2\20161216_I03\nuc_cell_segmentation,20161216_I03_032.czi_nucWholeIndex.tiff,20161216_I03_032.czi_cellWholeIndex.tiff,1;2;3;4;5;8;9;10;,0.065,0.29,20161216_I03_032.czi_nucWholeIndex.tiff,20161216_I03_032.czi_cellWholeIndex.tiff,\\aibsdata\aics\AssayDevelopment\Analysis\toAnimatedCell\2017_03_08_Struct_First_Pass_Seg\20161216_I03\structure_segmentation,20161216_I03_032_structSegment.tiff,20161216_I03_032_structContour.tiff,20161216_I03_032_structSegment.tiff,20161216_I03_032_structContour.tiff,ALN3.0,\\aibsdata\aics\AssayDevelopment\Analysis\toAnimatedCell\2017_03_08_Struct_First_Pass_Seg\20161216_I03\nuc_cell_contour,20161216_I03_032.czi_nucSegScaleContourXY.tiff,20161216_I03_032.czi_cellSegScaleContourXY.tiff,20161216_I03_032.czi_nucSegScaleContourXY.tiff,20161216_I03_032.czi_cellSegScaleContourXY.tiff
32,2017_02_17,3,\\aibsdata\aics\AssayDevelopment\MicroscopyData\Irina\2016\20161216,20161216_I03_033.czi,0.065,0.29,1,3,2,Alpha actinin,4,1,\\aibsdata\aics\AssayDevelopment\Analysis\toAnimatedCell\2017_02_17_Nuc_Cell_Seg_For_Release_Group_2\20161216_I03\nuc_cell_segmentation,20161216_I03_033.czi_nucWholeIndex.tiff,20161216_I03_033.czi_cellWholeIndex.tiff,3;,0.065,0.29,20161216_I03_033.czi_nucWholeIndex.tiff,20161216_I03_033.czi_cellWholeIndex.tiff,\\aibsdata\aics\AssayDevelopment\Analysis\toAnimatedCell\2017_03_08_Struct_First_Pass_Seg\20161216_I03\structure_segmentation,20161216_I03_033_structSegment.tiff,20161216_I03_033_structContour.tiff,20161216_I03_033_structSegment.tiff,20161216_I03_033_structContour.tiff,ALN3.0,\\aibsdata\aics\AssayDevelopment\Analysis\toAnimatedCell\2017_03_08_Struct_First_Pass_Seg\20161216_I03\nuc_cell_contour,20161216_I03_033.czi_nucSegScaleContourXY.tiff,20161216_I03_033.czi_cellSegScaleContourXY.tiff,20161216_I03_033.czi_nucSegScaleContourXY.tiff,20161216_I03_033.czi_cellSegScaleContourXY.tiff
33,2017_02_17,3,\\aibsdata\aics\AssayDevelopment\MicroscopyData\Irina\2016\20161216,20161216_I03_034.czi,0.065,0.29,1,3,2,Alpha actinin,4,1,\\aibsdata\aics\AssayDevelopment\Analysis\toAnimatedCell\2017_02_17_Nuc_Cell_Seg_For_Release_Group_2\20161216_I03\nuc_cell_segmentation,20161216_I03_034.czi_nucWholeIndex.tiff,20161216_I03_034.czi_cellWholeIndex.tiff,3;4;5;,0.065,0.29,20161216_I03_034.czi_nucWholeIndex.tiff,20161216_I03_034.czi_cellWholeIndex.tiff,\\aibsdata\aics\AssayDevelopment\Analysis\toAnimatedCell\2017_03_08_Struct_First_Pass_Seg\20161216_I03\structure_segmentation,20161216_I03_034_structSegment.tiff,20161216_I03_034_structContour.tiff,20161216_I03_034_structSegment.tiff,20161216_I03_034_structContour.tiff,ALN3.0,\\aibsdata\aics\AssayDevelopment\Analysis\toAnimatedCell\2017_03_08_Struct_First_Pass_Seg\20161216_I03\nuc_cell_contour,20161216_I03_034.czi_nucSegScaleContourXY.tiff,20161216_I03_034.czi_cellSegScaleContourXY.tiff,20161216_I03_034.czi_nucSegScaleContourXY.tiff,20161216_I03_034.czi_cellSegScaleContourXY.tiff
34,2017_02_17,3,\\aibsdata\aics\AssayDevelopment\MicroscopyData\Irina\2016\20161216,20161216_I03_035.czi,0.065,0.29,1,3,2,Alpha actinin,4,1,\\aibsdata\aics\AssayDevelopment\Analysis\toAnimatedCell\2017_02_17_Nuc_Cell_Seg_For_Release_Group_2\20161216_I03\nuc_cell_segmentation,20161216_I03_035.czi_nucWholeIndex.tiff,20161216_I03_035.czi_cellWholeIndex.tiff,1;2;4;,0.065,0.29,20161216_I03_035.czi_nucWholeIndex.tiff,20161216_I03_035.czi_cellWholeIndex.tiff,\\aibsdata\aics\AssayDevelopment\Analysis\toAnimatedCell\2017_03_08_Struct_First_Pass_Seg\20161216_I03\structure_segmentation,20161216_I03_035_structSegment.tiff,20161216_I03_035_structContour.tiff,20161216_I03_035_structSegment.tiff,20161216_I03_035_structContour.tiff,ALN3.0,\\aibsdata\aics\AssayDevelopment\Analysis\toAnimatedCell\2017_03_08_Struct_First_Pass_Seg\20161216_I03\nuc_cell_contour,20161216_I03_035.czi_nucSegScaleContourXY.tiff,20161216_I03_035.czi_cellSegScaleContourXY.tiff,20161216_I03_035.czi_nucSegScaleContourXY.tiff,20161216_I03_035.czi_cellSegScaleContourXY.tiff
35,2017_02_17,3,\\aibsdata\aics\AssayDevelopment\MicroscopyData\Irina\2016\20161216,20161216_I03_036.czi,0.065,0.29,1,3,2,Alpha actinin,4,1,\\aibsdata\aics\AssayDevelopment\Analysis\toAnimatedCell\2017_02_17_Nuc_Cell_Seg_For_Release_Group_2\20161216_I03\nuc_cell_segmentation,20161216_I03_036.czi_nucWholeIndex.tiff,20161216_I03_036.czi_cellWholeIndex.tiff,1;2;3;5;6;7;8;9;,0.065,0.29,20161216_I03_036.czi_nucWholeIndex.tiff,20161216_I03_036.czi_cellWholeIndex.tiff,\\aibsdata\aics\AssayDevelopment\Analysis\toAnimatedCell\2017_03_08_Struct_First_Pass_Seg\20161216_I03\structure_segmentation,20161216_I03_036_structSegment.tiff,20161216_I03_036_structContour.tiff,20161216_I03_036_structSegment.tiff,20161216_I03_036_structContour.tiff,ALN3.0,\\aibsdata\aics\AssayDevelopment\Analysis\toAnimatedCell\2017_03_08_Struct_First_Pass_Seg\20161216_I03\nuc_cell_contour,20161216_I03_036.czi_nucSegScaleContourXY.tiff,20161216_I03_036.czi_cellSegScaleContourXY.tiff,20161216_I03_036.czi_nucSegScaleContourXY.tiff,20161216_I03_036.czi_cellSegScaleContourXY.tiff
36,2017_02_17,3,\\aibsdata\aics\AssayDevelopment\MicroscopyData\Irina\2016\20161216,20161216_I03_037.czi,0.065,0.29,1,3,2,Alpha actinin,4,1,\\aibsdata\aics\AssayDevelopment\Analysis\toAnimatedCell\2017_02_17_Nuc_Cell_Seg_For_Release_Group_2\20161216_I03\nuc_cell_segmentation,20161216_I03_037.czi_nucWholeIndex.tiff,20161216_I03_037.czi_cellWholeIndex.tiff,1;3;,0.065,0.29,20161216_I03_037.czi_nucWholeIndex.tiff,20161216_I03_037.czi_cellWholeIndex.tiff,\\aibsdata\aics\AssayDevelopment\Analysis\toAnimatedCell\2017_03_08_Struct_First_Pass_Seg\20161216_I03\structure_segmentation,20161216_I03_037_structSegment.tiff,20161216_I03_037_structContour.tiff,20161216_I03_037_structSegment.tiff,20161216_I03_037_structContour.tiff,ALN3.0,\\aibsdata\aics\AssayDevelopment\Analysis\toAnimatedCell\2017_03_08_Struct_First_Pass_Seg\20161216_I03\nuc_cell_contour,20161216_I03_037.czi_nucSegScaleContourXY.tiff,20161216_I03_037.czi_cellSegScaleContourXY.tiff,20161216_I03_037.czi_nucSegScaleContourXY.tiff,20161216_I03_037.czi_cellSegScaleContourXY.tiff
37,2017_02_17,3,\\aibsdata\aics\AssayDevelopment\MicroscopyData\Irina\2016\20161216,20161216_I03_038.czi,0.065,0.29,1,3,2,Alpha actinin,4,1,\\aibsdata\aics\AssayDevelopment\Analysis\toAnimatedCell\2017_02_17_Nuc_Cell_Seg_For_Release_Group_2\20161216_I03\nuc_cell_segmentation,20161216_I03_038.czi_nucWholeIndex.tiff,20161216_I03_038.czi_cellWholeIndex.tiff,1;3;4;6;,0.065,0.29,20161216_I03_038.czi_nucWholeIndex.tiff,20161216_I03_038.czi_cellWholeIndex.tiff,\\aibsdata\aics\AssayDevelopment\Analysis\toAnimatedCell\2017_03_08_Struct_First_Pass_Seg\20161216_I03\structure_segmentation,20161216_I03_038_structSegment.tiff,20161216_I03_038_structContour.tiff,20161216_I03_038_structSegment.tiff,20161216_I03_038_structContour.tiff,ALN3.0,\\aibsdata\aics\AssayDevelopment\Analysis\toAnimatedCell\2017_03_08_Struct_First_Pass_Seg\20161216_I03\nuc_cell_contour,20161216_I03_038.czi_nucSegScaleContourXY.tiff,20161216_I03_038.czi_cellSegScaleContourXY.tiff,20161216_I03_038.czi_nucSegScaleContourXY.tiff,20161216_I03_038.czi_cellSegScaleContourXY.tiff
38,2017_02_17,3,\\aibsdata\aics\AssayDevelopment\MicroscopyData\Irina\2016\20161216,20161216_I03_039.czi,0.065,0.29,1,3,2,Alpha actinin,4,1,\\aibsdata\aics\AssayDevelopment\Analysis\toAnimatedCell\2017_02_17_Nuc_Cell_Seg_For_Release_Group_2\20161216_I03\nuc_cell_segmentation,20161216_I03_039.czi_nucWholeIndex.tiff,20161216_I03_039.czi_cellWholeIndex.tiff,1;2;4;5;6;,0.065,0.29,20161216_I03_039.czi_nucWholeIndex.tiff,20161216_I03_039.czi_cellWholeIndex.tiff,\\aibsdata\aics\AssayDevelopment\Analysis\toAnimatedCell\2017_03_08_Struct_First_Pass_Seg\20161216_I03\structure_segmentation,20161216_I03_039_structSegment.tiff,20161216_I03_039_structContour.tiff,20161216_I03_039_structSegment.tiff,20161216_I03_039_structContour.tiff,ALN3.0,\\aibsdata\aics\AssayDevelopment\Analysis\toAnimatedCell\2017_03_08_Struct_First_Pass_Seg\20161216_I03\nuc_cell_contour,20161216_I03_039.czi_nucSegScaleContourXY.tiff,20161216_I03_039.czi_cellSegScaleContourXY.tiff,20161216_I03_039.czi_nucSegScaleContourXY.tiff,20161216_I03_039.czi_cellSegScaleContourXY.tiff
39,2017_02_17,3,\\aibsdata\aics\AssayDevelopment\MicroscopyData\Irina\2016\20161216,20161216_I03_040.czi,0.065,0.29,1,3,2,Alpha actinin,4,1,\\aibsdata\aics\AssayDevelopment\Analysis\toAnimatedCell\2017_02_17_Nuc_Cell_Seg_For_Release_Group_2\20161216_I03\nuc_cell_segmentation,20161216_I03_040.czi_nucWholeIndex.tiff,20161216_I03_040.czi_cellWholeIndex.tiff,1;2;4;,0.065,0.29,20161216_I03_040.czi_nucWholeIndex.tiff,20161216_I03_040.czi_cellWholeIndex.tiff,\\aibsdata\aics\AssayDevelopment\Analysis\toAnimatedCell\2017_03_08_Struct_First_Pass_Seg\20161216_I03\structure_segmentation,20161216_I03_040_structSegment.tiff,20161216_I03_040_structContour.tiff,20161216_I03_040_structSegment.tiff,20161216_I03_040_structContour.tiff,ALN3.0,\\aibsdata\aics\AssayDevelopment\Analysis\toAnimatedCell\2017_03_08_Struct_First_Pass_Seg\20161216_I03\nuc_cell_contour,20161216_I03_040.czi_nucSegScaleContourXY.tiff,20161216_I03_040.czi_cellSegScaleContourXY.tiff,20161216_I03_040.czi_nucSegScaleContourXY.tiff,20161216_I03_040.czi_cellSegScaleContourXY.tiff
40,2017_02_17,3,\\aibsdata\aics\AssayDevelopment\MicroscopyData\Irina\2016\20161216,20161216_I03_041.czi,0.065,0.29,1,3,2,Alpha actinin,4,1,\\aibsdata\aics\AssayDevelopment\Analysis\toAnimatedCell\2017_02_17_Nuc_Cell_Seg_For_Release_Group_2\20161216_I03\nuc_cell_segmentation,20161216_I03_041.czi_nucWholeIndex.tiff,20161216_I03_041.czi_cellWholeIndex.tiff,1;2;3;4;6;,0.065,0.29,20161216_I03_041.czi_nucWholeIndex.tiff,20161216_I03_041.czi_cellWholeIndex.tiff,\\aibsdata\aics\AssayDevelopment\Analysis\toAnimatedCell\2017_03_08_Struct_First_Pass_Seg\20161216_I03\structure_segmentation,20161216_I03_041_structSegment.tiff,20161216_I03_041_structContour.tiff,20161216_I03_041_structSegment.tiff,20161216_I03_041_structContour.tiff,ALN3.0,\\aibsdata\aics\AssayDevelopment\Analysis\toAnimatedCell\2017_03_08_Struct_First_Pass_Seg\20161216_I03\nuc_cell_contour,20161216_I03_041.czi_nucSegScaleContourXY.tiff,20161216_I03_041.czi_cellSegScaleContourXY.tiff,20161216_I03_041.czi_nucSegScaleContourXY.tiff,20161216_I03_041.czi_cellSegScaleContourXY.tiff
41,2017_02_17,3,\\aibsdata\aics\AssayDevelopment\MicroscopyData\Irina\2016\20161216,20161216_I03_042.czi,0.065,0.29,1,3,2,Alpha actinin,4,1,\\aibsdata\aics\AssayDevelopment\Analysis\toAnimatedCell\2017_02_17_Nuc_Cell_Seg_For_Release_Group_2\20161216_I03\nuc_cell_segmentation,20161216_I03_042.czi_nucWholeIndex.tiff,20161216_I03_042.czi_cellWholeIndex.tiff,1;2;3;5;,0.065,0.29,20161216_I03_042.czi_nucWholeIndex.tiff,20161216_I03_042.czi_cellWholeIndex.tiff,\\aibsdata\aics\AssayDevelopment\Analysis\toAnimatedCell\2017_03_08_Struct_First_Pass_Seg\20161216_I03\structure_segmentation,20161216_I03_042_structSegment.tiff,20161216_I03_042_structContour.tiff,20161216_I03_042_structSegment.tiff,20161216_I03_042_structContour.tiff,ALN3.0,\\aibsdata\aics\AssayDevelopment\Analysis\toAnimatedCell\2017_03_08_Struct_First_Pass_Seg\20161216_I03\nuc_cell_contour,20161216_I03_042.czi_nucSegScaleContourXY.tiff,20161216_I03_042.czi_cellSegScaleContourXY.tiff,20161216_I03_042.czi_nucSegScaleContourXY.tiff,20161216_I03_042.czi_cellSegScaleContourXY.tiff
42,2017_02_17,3,\\aibsdata\aics\AssayDevelopment\MicroscopyData\Irina\2016\20161216,20161216_I03_043.czi,0.065,0.29,1,3,2,Alpha actinin,4,1,\\aibsdata\aics\AssayDevelopment\Analysis\toAnimatedCell\2017_02_17_Nuc_Cell_Seg_For_Release_Group_2\20161216_I03\nuc_cell_segmentation,20161216_I03_043.czi_nucWholeIndex.tiff,20161216_I03_043.czi_cellWholeIndex.tiff,3;4;5;,0.065,0.29,20161216_I03_043.czi_nucWholeIndex.tiff,20161216_I03_043.czi_cellWholeIndex.tiff,\\aibsdata\aics\AssayDevelopment\Analysis\toAnimatedCell\2017_03_08_Struct_First_Pass_Seg\20161216_I03\structure_segmentation,20161216_I03_043_structSegment.tiff,20161216_I03_043_structContour.tiff,20161216_I03_043_structSegment.tiff,20161216_I03_043_structContour.tiff,ALN3.0,\\aibsdata\aics\AssayDevelopment\Analysis\toAnimatedCell\2017_03_08_Struct_First_Pass_Seg\20161216_I03\nuc_cell_contour,20161216_I03_043.czi_nucSegScaleContourXY.tiff,20161216_I03_043.czi_cellSegScaleContourXY.tiff,20161216_I03_043.czi_nucSegScaleContourXY.tiff,20161216_I03_043.czi_cellSegScaleContourXY.tiff
43,2017_02_17,3,\\aibsdata\aics\AssayDevelopment\MicroscopyData\Irina\2016\20161216,20161216_I03_044.czi,0.065,0.29,1,3,2,Alpha actinin,4,1,\\aibsdata\aics\AssayDevelopment\Analysis\toAnimatedCell\2017_02_17_Nuc_Cell_Seg_For_Release_Group_2\20161216_I03\nuc_cell_segmentation,20161216_I03_044.czi_nucWholeIndex.tiff,20161216_I03_044.czi_cellWholeIndex.tiff,2;3;4;5;,0.065,0.29,20161216_I03_044.czi_nucWholeIndex.tiff,20161216_I03_044.czi_cellWholeIndex.tiff,\\aibsdata\aics\AssayDevelopment\Analysis\toAnimatedCell\2017_03_08_Struct_First_Pass_Seg\20161216_I03\structure_segmentation,20161216_I03_044_structSegment.tiff,20161216_I03_044_structContour.tiff,20161216_I03_044_structSegment.tiff,20161216_I03_044_structContour.tiff,ALN3.0,\\aibsdata\aics\AssayDevelopment\Analysis\toAnimatedCell\2017_03_08_Struct_First_Pass_Seg\20161216_I03\nuc_cell_contour,20161216_I03_044.czi_nucSegScaleContourXY.tiff,20161216_I03_044.czi_cellSegScaleContourXY.tiff,20161216_I03_044.czi_nucSegScaleContourXY.tiff,20161216_I03_044.czi_cellSegScaleContourXY.tiff
44,2017_02_17,3,\\aibsdata\aics\AssayDevelopment\MicroscopyData\Irina\2016\20161216,20161216_I03_045.czi,0.065,0.29,1,3,2,Alpha actinin,4,1,\\aibsdata\aics\AssayDevelopment\Analysis\toAnimatedCell\2017_02_17_Nuc_Cell_Seg_For_Release_Group_2\20161216_I03\nuc_cell_segmentation,20161216_I03_045.czi_nucWholeIndex.tiff,20161216_I03_045.czi_cellWholeIndex.tiff,2;4;,0.065,0.29,20161216_I03_045.czi_nucWholeIndex.tiff,20161216_I03_045.czi_cellWholeIndex.tiff,\\aibsdata\aics\AssayDevelopment\Analysis\toAnimatedCell\2017_03_08_Struct_First_Pass_Seg\20161216_I03\structure_segmentation,20161216_I03_045_structSegment.tiff,20161216_I03_045_structContour.tiff,20161216_I03_045_structSegment.tiff,20161216_I03_045_structContour.tiff,ALN3.0,\\aibsdata\aics\AssayDevelopment\Analysis\toAnimatedCell\2017_03_08_Struct_First_Pass_Seg\20161216_I03\nuc_cell_contour,20161216_I03_045.czi_nucSegScaleContourXY.tiff,20161216_I03_045.czi_cellSegScaleContourXY.tiff,20161216_I03_045.czi_nucSegScaleContourXY.tiff,20161216_I03_045.czi_cellSegScaleContourXY.tiff
45,2017_02_17,3,\\aibsdata\aics\AssayDevelopment\MicroscopyData\Irina\2016\20161216,20161216_I03_046.czi,0.065,0.29,1,3,2,Alpha actinin,4,1,\\aibsdata\aics\AssayDevelopment\Analysis\toAnimatedCell\2017_02_17_Nuc_Cell_Seg_For_Release_Group_2\20161216_I03\nuc_cell_segmentation,20161216_I03_046.czi_nucWholeIndex.tiff,20161216_I03_046.czi_cellWholeIndex.tiff,2;4;5;6;,0.065,0.29,20161216_I03_046.czi_nucWholeIndex.tiff,20161216_I03_046.czi_cellWholeIndex.tiff,\\aibsdata\aics\AssayDevelopment\Analysis\toAnimatedCell\2017_03_08_Struct_First_Pass_Seg\20161216_I03\structure_segmentation,20161216_I03_046_structSegment.tiff,20161216_I03_046_structContour.tiff,20161216_I03_046_structSegment.tiff,20161216_I03_046_structContour.tiff,ALN3.0,\\aibsdata\aics\AssayDevelopment\Analysis\toAnimatedCell\2017_03_08_Struct_First_Pass_Seg\20161216_I03\nuc_cell_contour,20161216_I03_046.czi_nucSegScaleContourXY.tiff,20161216_I03_046.czi_cellSegScaleContourXY.tiff,20161216_I03_046.czi_nucSegScaleContourXY.tiff,20161216_I03_046.czi_cellSegScaleContourXY.tiff
46,2017_02_17,3,\\aibsdata\aics\AssayDevelopment\MicroscopyData\Irina\2016\20161216,20161216_I03_047.czi,0.065,0.29,1,3,2,Alpha actinin,4,1,\\aibsdata\aics\AssayDevelopment\Analysis\toAnimatedCell\2017_02_17_Nuc_Cell_Seg_For_Release_Group_2\20161216_I03\nuc_cell_segmentation,20161216_I03_047.czi_nucWholeIndex.tiff,20161216_I03_047.czi_cellWholeIndex.tiff,1;2;3;4;,0.065,0.29,20161216_I03_047.czi_nucWholeIndex.tiff,20161216_I03_047.czi_cellWholeIndex.tiff,\\aibsdata\aics\AssayDevelopment\Analysis\toAnimatedCell\2017_03_08_Struct_First_Pass_Seg\20161216_I03\structure_segmentation,20161216_I03_047_structSegment.tiff,20161216_I03_047_structContour.tiff,20161216_I03_047_structSegment.tiff,20161216_I03_047_structContour.tiff,ALN3.0,\\aibsdata\aics\AssayDevelopment\Analysis\toAnimatedCell\2017_03_08_Struct_First_Pass_Seg\20161216_I03\nuc_cell_contour,20161216_I03_047.czi_nucSegScaleContourXY.tiff,20161216_I03_047.czi_cellSegScaleContourXY.tiff,20161216_I03_047.czi_nucSegScaleContourXY.tiff,20161216_I03_047.czi_cellSegScaleContourXY.tiff
47,2017_02_17,3,\\aibsdata\aics\AssayDevelopment\MicroscopyData\Irina\2016\20161216,20161216_I03_048.czi,0.065,0.29,1,3,2,Alpha actinin,4,1,\\aibsdata\aics\AssayDevelopment\Analysis\toAnimatedCell\2017_02_17_Nuc_Cell_Seg_For_Release_Group_2\20161216_I03\nuc_cell_segmentation,20161216_I03_048.czi_nucWholeIndex.tiff,20161216_I03_048.czi_cellWholeIndex.tiff,1;4;5;6;,0.065,0.29,20161216_I03_048.czi_nucWholeIndex.tiff,20161216_I03_048.czi_cellWholeIndex.tiff,\\aibsdata\aics\AssayDevelopment\Analysis\toAnimatedCell\2017_03_08_Struct_First_Pass_Seg\20161216_I03\structure_segmentation,20161216_I03_048_structSegment.tiff,20161216_I03_048_structContour.tiff,20161216_I03_048_structSegment.tiff,20161216_I03_048_structContour.tiff,ALN3.0,\\aibsdata\aics\AssayDevelopment\Analysis\toAnimatedCell\2017_03_08_Struct_First_Pass_Seg\20161216_I03\nuc_cell_contour,20161216_I03_048.czi_nucSegScaleContourXY.tiff,20161216_I03_048.czi_cellSegScaleContourXY.tiff,20161216_I03_048.czi_nucSegScaleContourXY.tiff,20161216_I03_048.czi_cellSegScaleContourXY.tiff
48,2017_02_17,3,\\aibsdata\aics\AssayDevelopment\MicroscopyData\Irina\2016\20161216,20161216_I03_049.czi,0.065,0.29,1,3,2,Alpha actinin,4,1,\\aibsdata\aics\AssayDevelopment\Analysis\toAnimatedCell\2017_02_17_Nuc_Cell_Seg_For_Release_Group_2\20161216_I03\nuc_cell_segmentation,20161216_I03_049.czi_nucWholeIndex.tiff,20161216_I03_049.czi_cellWholeIndex.tiff,2;4;5;,0.065,0.29,20161216_I03_049.czi_nucWholeIndex.tiff,20161216_I03_049.czi_cellWholeIndex.tiff,\\aibsdata\aics\AssayDevelopment\Analysis\toAnimatedCell\2017_03_08_Struct_First_Pass_Seg\20161216_I03\structure_segmentation,20161216_I03_049_structSegment.tiff,20161216_I03_049_structContour.tiff,20161216_I03_049_structSegment.tiff,20161216_I03_049_structContour.tiff,ALN3.0,\\aibsdata\aics\AssayDevelopment\Analysis\toAnimatedCell\2017_03_08_Struct_First_Pass_Seg\20161216_I03\nuc_cell_contour,20161216_I03_049.czi_nucSegScaleContourXY.tiff,20161216_I03_049.czi_cellSegScaleContourXY.tiff,20161216_I03_049.czi_nucSegScaleContourXY.tiff,20161216_I03_049.czi_cellSegScaleContourXY.tiff
49,2017_02_17,3,\\aibsdata\aics\AssayDevelopment\MicroscopyData\Irina\2016\20161216,20161216_I03_050.czi,0.065,0.29,1,3,2,Alpha actinin,4,1,\\aibsdata\aics\AssayDevelopment\Analysis\toAnimatedCell\2017_02_17_Nuc_Cell_Seg_For_Release_Group_2\20161216_I03\nuc_cell_segmentation,20161216_I03_050.czi_nucWholeIndex.tiff,20161216_I03_050.czi_cellWholeIndex.tiff,1;2;5;7;8;9;,0.065,0.29,20161216_I03_050.czi_nucWholeIndex.tiff,20161216_I03_050.czi_cellWholeIndex.tiff,\\aibsdata\aics\AssayDevelopment\Analysis\toAnimatedCell\2017_03_08_Struct_First_Pass_Seg\20161216_I03\structure_segmentation,20161216_I03_050_structSegment.tiff,20161216_I03_050_structContour.tiff,20161216_I03_050_structSegment.tiff,20161216_I03_050_structContour.tiff,ALN3.0,\\aibsdata\aics\AssayDevelopment\Analysis\toAnimatedCell\2017_03_08_Struct_First_Pass_Seg\20161216_I03\nuc_cell_contour,20161216_I03_050.czi_nucSegScaleContourXY.tiff,20161216_I03_050.czi_cellSegScaleContourXY.tiff,20161216_I03_050.czi_nucSegScaleContourXY.tiff,20161216_I03_050.czi_cellSegScaleContourXY.tiff
