Index,DeliveryDate,Version,inputFolder,inputFilename,imageXyPixelSize,imageZPixelSize,memChannel,nucChannel,structureChannel,structureProteinName,lightChannel,timePoint,outputSegmentationPath,outputNucSegWholeFilename,outputCellSegWholeFilename,outputCellSegIndex,SegmentationXyPixelSize,SegmentationZPixelSize,outputNucSegWholeSegScaleFilename,outputCellSegWholeSegScaleFilename,structureSegOutputFolder,structureSegOutputFilename
1,2017_02_10,3,\\aibsdata\aics\Microscopy\PRODUCTION\PIPELINE_3_Minipipeline\3500000489\ZSD2\100X_zstack,3500000489_100X_20170127_E06_P02.czi,0.108,0.29,1,3,2,Lamin B1,4,1,\\aibsdata\aics\AssayDevelopment\Analysis\toAnimatedCell\2017_02_10_Nuc_Cell_Seg_For_Release_Group_1\3500000489\nuc_cell_segmentation,3500000489_100X_20170127_E06_P02.czi_nucWholeIndexImageScale.tiff,3500000489_100X_20170127_E06_P02.czi_cellWholeIndexImageScale.tiff,01;02;03;05;06;,0.065,0.29,3500000489_100X_20170127_E06_P02.czi_nucWholeIndexSegScale.tiff,3500000489_100X_20170127_E06_P02.czi_cellWholeIndexSegScale.tiff,,
2,2017_02_10,3,\\aibsdata\aics\Microscopy\PRODUCTION\PIPELINE_3_Minipipeline\3500000489\ZSD2\100X_zstack,3500000489_100X_20170127_E06_P03.czi,0.108,0.29,1,3,2,Lamin B1,4,1,\\aibsdata\aics\AssayDevelopment\Analysis\toAnimatedCell\2017_02_10_Nuc_Cell_Seg_For_Release_Group_1\3500000489\nuc_cell_segmentation,3500000489_100X_20170127_E06_P03.czi_nucWholeIndexImageScale.tiff,3500000489_100X_20170127_E06_P03.czi_cellWholeIndexImageScale.tiff,01;03;,0.065,0.29,3500000489_100X_20170127_E06_P03.czi_nucWholeIndexSegScale.tiff,3500000489_100X_20170127_E06_P03.czi_cellWholeIndexSegScale.tiff,,
3,2017_02_10,3,\\aibsdata\aics\Microscopy\PRODUCTION\PIPELINE_3_Minipipeline\3500000489\ZSD2\100X_zstack,3500000489_100X_20170127_E06_P04.czi,0.108,0.29,1,3,2,Lamin B1,4,1,\\aibsdata\aics\AssayDevelopment\Analysis\toAnimatedCell\2017_02_10_Nuc_Cell_Seg_For_Release_Group_1\3500000489\nuc_cell_segmentation,3500000489_100X_20170127_E06_P04.czi_nucWholeIndexImageScale.tiff,3500000489_100X_20170127_E06_P04.czi_cellWholeIndexImageScale.tiff,01;02;03;,0.065,0.29,3500000489_100X_20170127_E06_P04.czi_nucWholeIndexSegScale.tiff,3500000489_100X_20170127_E06_P04.czi_cellWholeIndexSegScale.tiff,,
4,2017_02_10,3,\\aibsdata\aics\Microscopy\PRODUCTION\PIPELINE_3_Minipipeline\3500000489\ZSD2\100X_zstack,3500000489_100X_20170127_E06_P05.czi,0.108,0.29,1,3,2,Lamin B1,4,1,\\aibsdata\aics\AssayDevelopment\Analysis\toAnimatedCell\2017_02_10_Nuc_Cell_Seg_For_Release_Group_1\3500000489\nuc_cell_segmentation,3500000489_100X_20170127_E06_P05.czi_nucWholeIndexImageScale.tiff,3500000489_100X_20170127_E06_P05.czi_cellWholeIndexImageScale.tiff,01;02;03;04;05;,0.065,0.29,3500000489_100X_20170127_E06_P05.czi_nucWholeIndexSegScale.tiff,3500000489_100X_20170127_E06_P05.czi_cellWholeIndexSegScale.tiff,,
5,2017_02_10,3,\\aibsdata\aics\Microscopy\PRODUCTION\PIPELINE_3_Minipipeline\3500000489\ZSD2\100X_zstack,3500000489_100X_20170127_E06_P06.czi,0.108,0.29,1,3,2,Lamin B1,4,1,\\aibsdata\aics\AssayDevelopment\Analysis\toAnimatedCell\2017_02_10_Nuc_Cell_Seg_For_Release_Group_1\3500000489\nuc_cell_segmentation,3500000489_100X_20170127_E06_P06.czi_nucWholeIndexImageScale.tiff,3500000489_100X_20170127_E06_P06.czi_cellWholeIndexImageScale.tiff,01;02;04;05;,0.065,0.29,3500000489_100X_20170127_E06_P06.czi_nucWholeIndexSegScale.tiff,3500000489_100X_20170127_E06_P06.czi_cellWholeIndexSegScale.tiff,,
6,2017_02_10,3,\\aibsdata\aics\Microscopy\PRODUCTION\PIPELINE_3_Minipipeline\3500000489\ZSD2\100X_zstack,3500000489_100X_20170127_E06_P07.czi,0.108,0.29,1,3,2,Lamin B1,4,1,\\aibsdata\aics\AssayDevelopment\Analysis\toAnimatedCell\2017_02_10_Nuc_Cell_Seg_For_Release_Group_1\3500000489\nuc_cell_segmentation,3500000489_100X_20170127_E06_P07.czi_nucWholeIndexImageScale.tiff,3500000489_100X_20170127_E06_P07.czi_cellWholeIndexImageScale.tiff,01;03;04;05;,0.065,0.29,3500000489_100X_20170127_E06_P07.czi_nucWholeIndexSegScale.tiff,3500000489_100X_20170127_E06_P07.czi_cellWholeIndexSegScale.tiff,,
7,2017_02_10,3,\\aibsdata\aics\Microscopy\PRODUCTION\PIPELINE_3_Minipipeline\3500000489\ZSD2\100X_zstack,3500000489_100X_20170127_E06_P08.czi,0.108,0.29,1,3,2,Lamin B1,4,1,\\aibsdata\aics\AssayDevelopment\Analysis\toAnimatedCell\2017_02_10_Nuc_Cell_Seg_For_Release_Group_1\3500000489\nuc_cell_segmentation,3500000489_100X_20170127_E06_P08.czi_nucWholeIndexImageScale.tiff,3500000489_100X_20170127_E06_P08.czi_cellWholeIndexImageScale.tiff,02;05;,0.065,0.29,3500000489_100X_20170127_E06_P08.czi_nucWholeIndexSegScale.tiff,3500000489_100X_20170127_E06_P08.czi_cellWholeIndexSegScale.tiff,,
8,2017_02_10,3,\\aibsdata\aics\Microscopy\PRODUCTION\PIPELINE_3_Minipipeline\3500000489\ZSD2\100X_zstack,3500000489_100X_20170127_E06_P09.czi,0.108,0.29,1,3,2,Lamin B1,4,1,\\aibsdata\aics\AssayDevelopment\Analysis\toAnimatedCell\2017_02_10_Nuc_Cell_Seg_For_Release_Group_1\3500000489\nuc_cell_segmentation,3500000489_100X_20170127_E06_P09.czi_nucWholeIndexImageScale.tiff,3500000489_100X_20170127_E06_P09.czi_cellWholeIndexImageScale.tiff,01;02;,0.065,0.29,3500000489_100X_20170127_E06_P09.czi_nucWholeIndexSegScale.tiff,3500000489_100X_20170127_E06_P09.czi_cellWholeIndexSegScale.tiff,,
9,2017_02_10,3,\\aibsdata\aics\Microscopy\PRODUCTION\PIPELINE_3_Minipipeline\3500000489\ZSD2\100X_zstack,3500000489_100X_20170127_E06_P10.czi,0.108,0.29,1,3,2,Lamin B1,4,1,\\aibsdata\aics\AssayDevelopment\Analysis\toAnimatedCell\2017_02_10_Nuc_Cell_Seg_For_Release_Group_1\3500000489\nuc_cell_segmentation,3500000489_100X_20170127_E06_P10.czi_nucWholeIndexImageScale.tiff,3500000489_100X_20170127_E06_P10.czi_cellWholeIndexImageScale.tiff,03;05;,0.065,0.29,3500000489_100X_20170127_E06_P10.czi_nucWholeIndexSegScale.tiff,3500000489_100X_20170127_E06_P10.czi_cellWholeIndexSegScale.tiff,,
10,2017_02_10,3,\\aibsdata\aics\Microscopy\PRODUCTION\PIPELINE_3_Minipipeline\3500000489\ZSD2\100X_zstack,3500000489_100X_20170127_E06_P11.czi,0.108,0.29,1,3,2,Lamin B1,4,1,\\aibsdata\aics\AssayDevelopment\Analysis\toAnimatedCell\2017_02_10_Nuc_Cell_Seg_For_Release_Group_1\3500000489\nuc_cell_segmentation,3500000489_100X_20170127_E06_P11.czi_nucWholeIndexImageScale.tiff,3500000489_100X_20170127_E06_P11.czi_cellWholeIndexImageScale.tiff,01;03;04;,0.065,0.29,3500000489_100X_20170127_E06_P11.czi_nucWholeIndexSegScale.tiff,3500000489_100X_20170127_E06_P11.czi_cellWholeIndexSegScale.tiff,,
11,2017_02_10,3,\\aibsdata\aics\Microscopy\PRODUCTION\PIPELINE_3_Minipipeline\3500000489\ZSD2\100X_zstack,3500000489_100X_20170127_E06_P13.czi,0.108,0.29,1,3,2,Lamin B1,4,1,\\aibsdata\aics\AssayDevelopment\Analysis\toAnimatedCell\2017_02_10_Nuc_Cell_Seg_For_Release_Group_1\3500000489\nuc_cell_segmentation,3500000489_100X_20170127_E06_P13.czi_nucWholeIndexImageScale.tiff,3500000489_100X_20170127_E06_P13.czi_cellWholeIndexImageScale.tiff,01;02;03;,0.065,0.29,3500000489_100X_20170127_E06_P13.czi_nucWholeIndexSegScale.tiff,3500000489_100X_20170127_E06_P13.czi_cellWholeIndexSegScale.tiff,,
12,2017_02_10,3,\\aibsdata\aics\Microscopy\PRODUCTION\PIPELINE_3_Minipipeline\3500000489\ZSD2\100X_zstack,3500000489_100X_20170127_E06_P14.czi,0.108,0.29,1,3,2,Lamin B1,4,1,\\aibsdata\aics\AssayDevelopment\Analysis\toAnimatedCell\2017_02_10_Nuc_Cell_Seg_For_Release_Group_1\3500000489\nuc_cell_segmentation,3500000489_100X_20170127_E06_P14.czi_nucWholeIndexImageScale.tiff,3500000489_100X_20170127_E06_P14.czi_cellWholeIndexImageScale.tiff,01;03;04;06;,0.065,0.29,3500000489_100X_20170127_E06_P14.czi_nucWholeIndexSegScale.tiff,3500000489_100X_20170127_E06_P14.czi_cellWholeIndexSegScale.tiff,,
13,2017_02_10,3,\\aibsdata\aics\Microscopy\PRODUCTION\PIPELINE_3_Minipipeline\3500000489\ZSD2\100X_zstack,3500000489_100X_20170127_E06_P15.czi,0.108,0.29,1,3,2,Lamin B1,4,1,\\aibsdata\aics\AssayDevelopment\Analysis\toAnimatedCell\2017_02_10_Nuc_Cell_Seg_For_Release_Group_1\3500000489\nuc_cell_segmentation,3500000489_100X_20170127_E06_P15.czi_nucWholeIndexImageScale.tiff,3500000489_100X_20170127_E06_P15.czi_cellWholeIndexImageScale.tiff,02;03;,0.065,0.29,3500000489_100X_20170127_E06_P15.czi_nucWholeIndexSegScale.tiff,3500000489_100X_20170127_E06_P15.czi_cellWholeIndexSegScale.tiff,,
14,2017_02_10,3,\\aibsdata\aics\Microscopy\PRODUCTION\PIPELINE_3_Minipipeline\3500000489\ZSD2\100X_zstack,3500000489_100X_20170127_E06_P16.czi,0.108,0.29,1,3,2,Lamin B1,4,1,\\aibsdata\aics\AssayDevelopment\Analysis\toAnimatedCell\2017_02_10_Nuc_Cell_Seg_For_Release_Group_1\3500000489\nuc_cell_segmentation,3500000489_100X_20170127_E06_P16.czi_nucWholeIndexImageScale.tiff,3500000489_100X_20170127_E06_P16.czi_cellWholeIndexImageScale.tiff,01;04;,0.065,0.29,3500000489_100X_20170127_E06_P16.czi_nucWholeIndexSegScale.tiff,3500000489_100X_20170127_E06_P16.czi_cellWholeIndexSegScale.tiff,,
15,2017_02_10,3,\\aibsdata\aics\Microscopy\PRODUCTION\PIPELINE_3_Minipipeline\3500000489\ZSD2\100X_zstack,3500000489_100X_20170127_E06_P17.czi,0.108,0.29,1,3,2,Lamin B1,4,1,\\aibsdata\aics\AssayDevelopment\Analysis\toAnimatedCell\2017_02_10_Nuc_Cell_Seg_For_Release_Group_1\3500000489\nuc_cell_segmentation,3500000489_100X_20170127_E06_P17.czi_nucWholeIndexImageScale.tiff,3500000489_100X_20170127_E06_P17.czi_cellWholeIndexImageScale.tiff,01;02;03;,0.065,0.29,3500000489_100X_20170127_E06_P17.czi_nucWholeIndexSegScale.tiff,3500000489_100X_20170127_E06_P17.czi_cellWholeIndexSegScale.tiff,,
16,2017_02_10,3,\\aibsdata\aics\Microscopy\PRODUCTION\PIPELINE_3_Minipipeline\3500000489\ZSD2\100X_zstack,3500000489_100X_20170127_E06_P18.czi,0.108,0.29,1,3,2,Lamin B1,4,1,\\aibsdata\aics\AssayDevelopment\Analysis\toAnimatedCell\2017_02_10_Nuc_Cell_Seg_For_Release_Group_1\3500000489\nuc_cell_segmentation,3500000489_100X_20170127_E06_P18.czi_nucWholeIndexImageScale.tiff,3500000489_100X_20170127_E06_P18.czi_cellWholeIndexImageScale.tiff,01;,0.065,0.29,3500000489_100X_20170127_E06_P18.czi_nucWholeIndexSegScale.tiff,3500000489_100X_20170127_E06_P18.czi_cellWholeIndexSegScale.tiff,,
17,2017_02_10,3,\\aibsdata\aics\Microscopy\PRODUCTION\PIPELINE_3_Minipipeline\3500000489\ZSD2\100X_zstack,3500000489_100X_20170127_E06_P19.czi,0.108,0.29,1,3,2,Lamin B1,4,1,\\aibsdata\aics\AssayDevelopment\Analysis\toAnimatedCell\2017_02_10_Nuc_Cell_Seg_For_Release_Group_1\3500000489\nuc_cell_segmentation,3500000489_100X_20170127_E06_P19.czi_nucWholeIndexImageScale.tiff,3500000489_100X_20170127_E06_P19.czi_cellWholeIndexImageScale.tiff,01;,0.065,0.29,3500000489_100X_20170127_E06_P19.czi_nucWholeIndexSegScale.tiff,3500000489_100X_20170127_E06_P19.czi_cellWholeIndexSegScale.tiff,,
18,2017_02_10,3,\\aibsdata\aics\Microscopy\PRODUCTION\PIPELINE_3_Minipipeline\3500000489\ZSD2\100X_zstack,3500000489_100X_20170127_E06_P20.czi,0.108,0.29,1,3,2,Lamin B1,4,1,\\aibsdata\aics\AssayDevelopment\Analysis\toAnimatedCell\2017_02_10_Nuc_Cell_Seg_For_Release_Group_1\3500000489\nuc_cell_segmentation,3500000489_100X_20170127_E06_P20.czi_nucWholeIndexImageScale.tiff,3500000489_100X_20170127_E06_P20.czi_cellWholeIndexImageScale.tiff,01;03;04;,0.065,0.29,3500000489_100X_20170127_E06_P20.czi_nucWholeIndexSegScale.tiff,3500000489_100X_20170127_E06_P20.czi_cellWholeIndexSegScale.tiff,,
19,2017_02_10,3,\\aibsdata\aics\Microscopy\PRODUCTION\PIPELINE_3_Minipipeline\3500000489\ZSD2\100X_zstack,3500000489_100X_20170127_E06_P21.czi,0.108,0.29,1,3,2,Lamin B1,4,1,\\aibsdata\aics\AssayDevelopment\Analysis\toAnimatedCell\2017_02_10_Nuc_Cell_Seg_For_Release_Group_1\3500000489\nuc_cell_segmentation,3500000489_100X_20170127_E06_P21.czi_nucWholeIndexImageScale.tiff,3500000489_100X_20170127_E06_P21.czi_cellWholeIndexImageScale.tiff,02;,0.065,0.29,3500000489_100X_20170127_E06_P21.czi_nucWholeIndexSegScale.tiff,3500000489_100X_20170127_E06_P21.czi_cellWholeIndexSegScale.tiff,,
20,2017_02_10,3,\\aibsdata\aics\Microscopy\PRODUCTION\PIPELINE_3_Minipipeline\3500000489\ZSD2\100X_zstack,3500000489_100X_20170127_E07_P22.czi,0.108,0.29,1,3,2,Lamin B1,4,1,\\aibsdata\aics\AssayDevelopment\Analysis\toAnimatedCell\2017_02_10_Nuc_Cell_Seg_For_Release_Group_1\3500000489\nuc_cell_segmentation,3500000489_100X_20170127_E07_P22.czi_nucWholeIndexImageScale.tiff,3500000489_100X_20170127_E07_P22.czi_cellWholeIndexImageScale.tiff,01;03;,0.065,0.29,3500000489_100X_20170127_E07_P22.czi_nucWholeIndexSegScale.tiff,3500000489_100X_20170127_E07_P22.czi_cellWholeIndexSegScale.tiff,,
21,2017_02_10,3,\\aibsdata\aics\Microscopy\PRODUCTION\PIPELINE_3_Minipipeline\3500000489\ZSD2\100X_zstack,3500000489_100X_20170127_E07_P23.czi,0.108,0.29,1,3,2,Lamin B1,4,1,\\aibsdata\aics\AssayDevelopment\Analysis\toAnimatedCell\2017_02_10_Nuc_Cell_Seg_For_Release_Group_1\3500000489\nuc_cell_segmentation,3500000489_100X_20170127_E07_P23.czi_nucWholeIndexImageScale.tiff,3500000489_100X_20170127_E07_P23.czi_cellWholeIndexImageScale.tiff,02;05;07;,0.065,0.29,3500000489_100X_20170127_E07_P23.czi_nucWholeIndexSegScale.tiff,3500000489_100X_20170127_E07_P23.czi_cellWholeIndexSegScale.tiff,,
22,2017_02_10,3,\\aibsdata\aics\Microscopy\PRODUCTION\PIPELINE_3_Minipipeline\3500000489\ZSD2\100X_zstack,3500000489_100X_20170127_E07_P24.czi,0.108,0.29,1,3,2,Lamin B1,4,1,\\aibsdata\aics\AssayDevelopment\Analysis\toAnimatedCell\2017_02_10_Nuc_Cell_Seg_For_Release_Group_1\3500000489\nuc_cell_segmentation,3500000489_100X_20170127_E07_P24.czi_nucWholeIndexImageScale.tiff,3500000489_100X_20170127_E07_P24.czi_cellWholeIndexImageScale.tiff,01;02;,0.065,0.29,3500000489_100X_20170127_E07_P24.czi_nucWholeIndexSegScale.tiff,3500000489_100X_20170127_E07_P24.czi_cellWholeIndexSegScale.tiff,,
23,2017_02_10,3,\\aibsdata\aics\Microscopy\PRODUCTION\PIPELINE_3_Minipipeline\3500000489\ZSD2\100X_zstack,3500000489_100X_20170127_E07_P25.czi,0.108,0.29,1,3,2,Lamin B1,4,1,\\aibsdata\aics\AssayDevelopment\Analysis\toAnimatedCell\2017_02_10_Nuc_Cell_Seg_For_Release_Group_1\3500000489\nuc_cell_segmentation,3500000489_100X_20170127_E07_P25.czi_nucWholeIndexImageScale.tiff,3500000489_100X_20170127_E07_P25.czi_cellWholeIndexImageScale.tiff,04;,0.065,0.29,3500000489_100X_20170127_E07_P25.czi_nucWholeIndexSegScale.tiff,3500000489_100X_20170127_E07_P25.czi_cellWholeIndexSegScale.tiff,,
24,2017_02_10,3,\\aibsdata\aics\Microscopy\PRODUCTION\PIPELINE_3_Minipipeline\3500000489\ZSD2\100X_zstack,3500000489_100X_20170127_E07_P26.czi,0.108,0.29,1,3,2,Lamin B1,4,1,\\aibsdata\aics\AssayDevelopment\Analysis\toAnimatedCell\2017_02_10_Nuc_Cell_Seg_For_Release_Group_1\3500000489\nuc_cell_segmentation,3500000489_100X_20170127_E07_P26.czi_nucWholeIndexImageScale.tiff,3500000489_100X_20170127_E07_P26.czi_cellWholeIndexImageScale.tiff,01;,0.065,0.29,3500000489_100X_20170127_E07_P26.czi_nucWholeIndexSegScale.tiff,3500000489_100X_20170127_E07_P26.czi_cellWholeIndexSegScale.tiff,,
25,2017_02_10,3,\\aibsdata\aics\Microscopy\PRODUCTION\PIPELINE_3_Minipipeline\3500000489\ZSD2\100X_zstack,3500000489_100X_20170127_E07_P29.czi,0.108,0.29,1,3,2,Lamin B1,4,1,\\aibsdata\aics\AssayDevelopment\Analysis\toAnimatedCell\2017_02_10_Nuc_Cell_Seg_For_Release_Group_1\3500000489\nuc_cell_segmentation,3500000489_100X_20170127_E07_P29.czi_nucWholeIndexImageScale.tiff,3500000489_100X_20170127_E07_P29.czi_cellWholeIndexImageScale.tiff,02;,0.065,0.29,3500000489_100X_20170127_E07_P29.czi_nucWholeIndexSegScale.tiff,3500000489_100X_20170127_E07_P29.czi_cellWholeIndexSegScale.tiff,,
26,2017_02_10,3,\\aibsdata\aics\Microscopy\PRODUCTION\PIPELINE_3_Minipipeline\3500000489\ZSD2\100X_zstack,3500000489_100X_20170127_E07_P30.czi,0.108,0.29,1,3,2,Lamin B1,4,1,\\aibsdata\aics\AssayDevelopment\Analysis\toAnimatedCell\2017_02_10_Nuc_Cell_Seg_For_Release_Group_1\3500000489\nuc_cell_segmentation,3500000489_100X_20170127_E07_P30.czi_nucWholeIndexImageScale.tiff,3500000489_100X_20170127_E07_P30.czi_cellWholeIndexImageScale.tiff,01;03;,0.065,0.29,3500000489_100X_20170127_E07_P30.czi_nucWholeIndexSegScale.tiff,3500000489_100X_20170127_E07_P30.czi_cellWholeIndexSegScale.tiff,,
27,2017_02_10,3,\\aibsdata\aics\Microscopy\PRODUCTION\PIPELINE_3_Minipipeline\3500000489\ZSD2\100X_zstack,3500000489_100X_20170127_E07_P31.czi,0.108,0.29,1,3,2,Lamin B1,4,1,\\aibsdata\aics\AssayDevelopment\Analysis\toAnimatedCell\2017_02_10_Nuc_Cell_Seg_For_Release_Group_1\3500000489\nuc_cell_segmentation,3500000489_100X_20170127_E07_P31.czi_nucWholeIndexImageScale.tiff,3500000489_100X_20170127_E07_P31.czi_cellWholeIndexImageScale.tiff,02;04;,0.065,0.29,3500000489_100X_20170127_E07_P31.czi_nucWholeIndexSegScale.tiff,3500000489_100X_20170127_E07_P31.czi_cellWholeIndexSegScale.tiff,,
28,2017_02_10,3,\\aibsdata\aics\Microscopy\PRODUCTION\PIPELINE_3_Minipipeline\3500000489\ZSD2\100X_zstack,3500000489_100X_20170127_E07_P32.czi,0.108,0.29,1,3,2,Lamin B1,4,1,\\aibsdata\aics\AssayDevelopment\Analysis\toAnimatedCell\2017_02_10_Nuc_Cell_Seg_For_Release_Group_1\3500000489\nuc_cell_segmentation,3500000489_100X_20170127_E07_P32.czi_nucWholeIndexImageScale.tiff,3500000489_100X_20170127_E07_P32.czi_cellWholeIndexImageScale.tiff,01;05;,0.065,0.29,3500000489_100X_20170127_E07_P32.czi_nucWholeIndexSegScale.tiff,3500000489_100X_20170127_E07_P32.czi_cellWholeIndexSegScale.tiff,,
29,2017_02_10,3,\\aibsdata\aics\Microscopy\PRODUCTION\PIPELINE_3_Minipipeline\3500000489\ZSD2\100X_zstack,3500000489_100X_20170127_E07_P33.czi,0.108,0.29,1,3,2,Lamin B1,4,1,\\aibsdata\aics\AssayDevelopment\Analysis\toAnimatedCell\2017_02_10_Nuc_Cell_Seg_For_Release_Group_1\3500000489\nuc_cell_segmentation,3500000489_100X_20170127_E07_P33.czi_nucWholeIndexImageScale.tiff,3500000489_100X_20170127_E07_P33.czi_cellWholeIndexImageScale.tiff,01;03;04;,0.065,0.29,3500000489_100X_20170127_E07_P33.czi_nucWholeIndexSegScale.tiff,3500000489_100X_20170127_E07_P33.czi_cellWholeIndexSegScale.tiff,,
30,2017_02_10,3,\\aibsdata\aics\Microscopy\PRODUCTION\PIPELINE_3_Minipipeline\3500000489\ZSD2\100X_zstack,3500000489_100X_20170127_E07_P35.czi,0.108,0.29,1,3,2,Lamin B1,4,1,\\aibsdata\aics\AssayDevelopment\Analysis\toAnimatedCell\2017_02_10_Nuc_Cell_Seg_For_Release_Group_1\3500000489\nuc_cell_segmentation,3500000489_100X_20170127_E07_P35.czi_nucWholeIndexImageScale.tiff,3500000489_100X_20170127_E07_P35.czi_cellWholeIndexImageScale.tiff,01;02;,0.065,0.29,3500000489_100X_20170127_E07_P35.czi_nucWholeIndexSegScale.tiff,3500000489_100X_20170127_E07_P35.czi_cellWholeIndexSegScale.tiff,,
31,2017_02_10,3,\\aibsdata\aics\Microscopy\PRODUCTION\PIPELINE_3_Minipipeline\3500000489\ZSD2\100X_zstack,3500000489_100X_20170127_E07_P37.czi,0.108,0.29,1,3,2,Lamin B1,4,1,\\aibsdata\aics\AssayDevelopment\Analysis\toAnimatedCell\2017_02_10_Nuc_Cell_Seg_For_Release_Group_1\3500000489\nuc_cell_segmentation,3500000489_100X_20170127_E07_P37.czi_nucWholeIndexImageScale.tiff,3500000489_100X_20170127_E07_P37.czi_cellWholeIndexImageScale.tiff,01;02;,0.065,0.29,3500000489_100X_20170127_E07_P37.czi_nucWholeIndexSegScale.tiff,3500000489_100X_20170127_E07_P37.czi_cellWholeIndexSegScale.tiff,,
32,2017_02_10,3,\\aibsdata\aics\Microscopy\PRODUCTION\PIPELINE_3_Minipipeline\3500000489\ZSD2\100X_zstack,3500000489_100X_20170127_E07_P38.czi,0.108,0.29,1,3,2,Lamin B1,4,1,\\aibsdata\aics\AssayDevelopment\Analysis\toAnimatedCell\2017_02_10_Nuc_Cell_Seg_For_Release_Group_1\3500000489\nuc_cell_segmentation,3500000489_100X_20170127_E07_P38.czi_nucWholeIndexImageScale.tiff,3500000489_100X_20170127_E07_P38.czi_cellWholeIndexImageScale.tiff,02;03;,0.065,0.29,3500000489_100X_20170127_E07_P38.czi_nucWholeIndexSegScale.tiff,3500000489_100X_20170127_E07_P38.czi_cellWholeIndexSegScale.tiff,,
33,2017_02_10,3,\\aibsdata\aics\Microscopy\PRODUCTION\PIPELINE_3_Minipipeline\3500000489\ZSD2\100X_zstack,3500000489_100X_20170127_E07_P39.czi,0.108,0.29,1,3,2,Lamin B1,4,1,\\aibsdata\aics\AssayDevelopment\Analysis\toAnimatedCell\2017_02_10_Nuc_Cell_Seg_For_Release_Group_1\3500000489\nuc_cell_segmentation,3500000489_100X_20170127_E07_P39.czi_nucWholeIndexImageScale.tiff,3500000489_100X_20170127_E07_P39.czi_cellWholeIndexImageScale.tiff,02;,0.065,0.29,3500000489_100X_20170127_E07_P39.czi_nucWholeIndexSegScale.tiff,3500000489_100X_20170127_E07_P39.czi_cellWholeIndexSegScale.tiff,,
34,2017_02_10,3,\\aibsdata\aics\Microscopy\PRODUCTION\PIPELINE_3_Minipipeline\3500000489\ZSD2\100X_zstack,3500000489_100X_20170127_E07_P40.czi,0.108,0.29,1,3,2,Lamin B1,4,1,\\aibsdata\aics\AssayDevelopment\Analysis\toAnimatedCell\2017_02_10_Nuc_Cell_Seg_For_Release_Group_1\3500000489\nuc_cell_segmentation,3500000489_100X_20170127_E07_P40.czi_nucWholeIndexImageScale.tiff,3500000489_100X_20170127_E07_P40.czi_cellWholeIndexImageScale.tiff,01;04;,0.065,0.29,3500000489_100X_20170127_E07_P40.czi_nucWholeIndexSegScale.tiff,3500000489_100X_20170127_E07_P40.czi_cellWholeIndexSegScale.tiff,,
35,2017_02_10,3,\\aibsdata\aics\Microscopy\PRODUCTION\PIPELINE_3_Minipipeline\3500000489\ZSD2\100X_zstack,3500000489_100X_20170127_F07_P60.czi,0.108,0.29,1,3,2,Lamin B1,4,1,\\aibsdata\aics\AssayDevelopment\Analysis\toAnimatedCell\2017_02_10_Nuc_Cell_Seg_For_Release_Group_1\3500000489\nuc_cell_segmentation,3500000489_100X_20170127_F07_P60.czi_nucWholeIndexImageScale.tiff,3500000489_100X_20170127_F07_P60.czi_cellWholeIndexImageScale.tiff,02;,0.065,0.29,3500000489_100X_20170127_F07_P60.czi_nucWholeIndexSegScale.tiff,3500000489_100X_20170127_F07_P60.czi_cellWholeIndexSegScale.tiff,,
36,2017_02_10,3,\\aibsdata\aics\Microscopy\PRODUCTION\PIPELINE_3_Minipipeline\3500000489\ZSD2\100X_zstack,3500000489_100X_20170127_F08_P41.czi,0.108,0.29,1,3,2,Lamin B1,4,1,\\aibsdata\aics\AssayDevelopment\Analysis\toAnimatedCell\2017_02_10_Nuc_Cell_Seg_For_Release_Group_1\3500000489\nuc_cell_segmentation,3500000489_100X_20170127_F08_P41.czi_nucWholeIndexImageScale.tiff,3500000489_100X_20170127_F08_P41.czi_cellWholeIndexImageScale.tiff,01;04;,0.065,0.29,3500000489_100X_20170127_F08_P41.czi_nucWholeIndexSegScale.tiff,3500000489_100X_20170127_F08_P41.czi_cellWholeIndexSegScale.tiff,,
37,2017_02_10,3,\\aibsdata\aics\Microscopy\PRODUCTION\PIPELINE_3_Minipipeline\3500000489\ZSD2\100X_zstack,3500000489_100X_20170127_F08_P42.czi,0.108,0.29,1,3,2,Lamin B1,4,1,\\aibsdata\aics\AssayDevelopment\Analysis\toAnimatedCell\2017_02_10_Nuc_Cell_Seg_For_Release_Group_1\3500000489\nuc_cell_segmentation,3500000489_100X_20170127_F08_P42.czi_nucWholeIndexImageScale.tiff,3500000489_100X_20170127_F08_P42.czi_cellWholeIndexImageScale.tiff,01;02;03;04;07;,0.065,0.29,3500000489_100X_20170127_F08_P42.czi_nucWholeIndexSegScale.tiff,3500000489_100X_20170127_F08_P42.czi_cellWholeIndexSegScale.tiff,,
38,2017_02_10,3,\\aibsdata\aics\Microscopy\PRODUCTION\PIPELINE_3_Minipipeline\3500000489\ZSD2\100X_zstack,3500000489_100X_20170127_F08_P45.czi,0.108,0.29,1,3,2,Lamin B1,4,1,\\aibsdata\aics\AssayDevelopment\Analysis\toAnimatedCell\2017_02_10_Nuc_Cell_Seg_For_Release_Group_1\3500000489\nuc_cell_segmentation,3500000489_100X_20170127_F08_P45.czi_nucWholeIndexImageScale.tiff,3500000489_100X_20170127_F08_P45.czi_cellWholeIndexImageScale.tiff,01;03;05;,0.065,0.29,3500000489_100X_20170127_F08_P45.czi_nucWholeIndexSegScale.tiff,3500000489_100X_20170127_F08_P45.czi_cellWholeIndexSegScale.tiff,,
39,2017_02_10,3,\\aibsdata\aics\Microscopy\PRODUCTION\PIPELINE_3_Minipipeline\3500000489\ZSD2\100X_zstack,3500000489_100X_20170127_F08_P46.czi,0.108,0.29,1,3,2,Lamin B1,4,1,\\aibsdata\aics\AssayDevelopment\Analysis\toAnimatedCell\2017_02_10_Nuc_Cell_Seg_For_Release_Group_1\3500000489\nuc_cell_segmentation,3500000489_100X_20170127_F08_P46.czi_nucWholeIndexImageScale.tiff,3500000489_100X_20170127_F08_P46.czi_cellWholeIndexImageScale.tiff,01;02;,0.065,0.29,3500000489_100X_20170127_F08_P46.czi_nucWholeIndexSegScale.tiff,3500000489_100X_20170127_F08_P46.czi_cellWholeIndexSegScale.tiff,,
40,2017_02_10,3,\\aibsdata\aics\Microscopy\PRODUCTION\PIPELINE_3_Minipipeline\3500000489\ZSD2\100X_zstack,3500000489_100X_20170127_F08_P47.czi,0.108,0.29,1,3,2,Lamin B1,4,1,\\aibsdata\aics\AssayDevelopment\Analysis\toAnimatedCell\2017_02_10_Nuc_Cell_Seg_For_Release_Group_1\3500000489\nuc_cell_segmentation,3500000489_100X_20170127_F08_P47.czi_nucWholeIndexImageScale.tiff,3500000489_100X_20170127_F08_P47.czi_cellWholeIndexImageScale.tiff,02;03;05;06;,0.065,0.29,3500000489_100X_20170127_F08_P47.czi_nucWholeIndexSegScale.tiff,3500000489_100X_20170127_F08_P47.czi_cellWholeIndexSegScale.tiff,,
41,2017_02_10,3,\\aibsdata\aics\Microscopy\PRODUCTION\PIPELINE_3_Minipipeline\3500000489\ZSD2\100X_zstack,3500000489_100X_20170127_F08_P49.czi,0.108,0.29,1,3,2,Lamin B1,4,1,\\aibsdata\aics\AssayDevelopment\Analysis\toAnimatedCell\2017_02_10_Nuc_Cell_Seg_For_Release_Group_1\3500000489\nuc_cell_segmentation,3500000489_100X_20170127_F08_P49.czi_nucWholeIndexImageScale.tiff,3500000489_100X_20170127_F08_P49.czi_cellWholeIndexImageScale.tiff,01;,0.065,0.29,3500000489_100X_20170127_F08_P49.czi_nucWholeIndexSegScale.tiff,3500000489_100X_20170127_F08_P49.czi_cellWholeIndexSegScale.tiff,,
42,2017_02_10,3,\\aibsdata\aics\Microscopy\PRODUCTION\PIPELINE_3_Minipipeline\3500000489\ZSD2\100X_zstack,3500000489_100X_20170127_F08_P50.czi,0.108,0.29,1,3,2,Lamin B1,4,1,\\aibsdata\aics\AssayDevelopment\Analysis\toAnimatedCell\2017_02_10_Nuc_Cell_Seg_For_Release_Group_1\3500000489\nuc_cell_segmentation,3500000489_100X_20170127_F08_P50.czi_nucWholeIndexImageScale.tiff,3500000489_100X_20170127_F08_P50.czi_cellWholeIndexImageScale.tiff,01;03;,0.065,0.29,3500000489_100X_20170127_F08_P50.czi_nucWholeIndexSegScale.tiff,3500000489_100X_20170127_F08_P50.czi_cellWholeIndexSegScale.tiff,,
43,2017_02_10,3,\\aibsdata\aics\Microscopy\PRODUCTION\PIPELINE_3_Minipipeline\3500000489\ZSD2\100X_zstack,3500000489_100X_20170127_F08_P51.czi,0.108,0.29,1,3,2,Lamin B1,4,1,\\aibsdata\aics\AssayDevelopment\Analysis\toAnimatedCell\2017_02_10_Nuc_Cell_Seg_For_Release_Group_1\3500000489\nuc_cell_segmentation,3500000489_100X_20170127_F08_P51.czi_nucWholeIndexImageScale.tiff,3500000489_100X_20170127_F08_P51.czi_cellWholeIndexImageScale.tiff,02;,0.065,0.29,3500000489_100X_20170127_F08_P51.czi_nucWholeIndexSegScale.tiff,3500000489_100X_20170127_F08_P51.czi_cellWholeIndexSegScale.tiff,,
44,2017_02_10,3,\\aibsdata\aics\Microscopy\PRODUCTION\PIPELINE_3_Minipipeline\3500000489\ZSD2\100X_zstack,3500000489_100X_20170127_F08_P53.czi,0.108,0.29,1,3,2,Lamin B1,4,1,\\aibsdata\aics\AssayDevelopment\Analysis\toAnimatedCell\2017_02_10_Nuc_Cell_Seg_For_Release_Group_1\3500000489\nuc_cell_segmentation,3500000489_100X_20170127_F08_P53.czi_nucWholeIndexImageScale.tiff,3500000489_100X_20170127_F08_P53.czi_cellWholeIndexImageScale.tiff,02;03;,0.065,0.29,3500000489_100X_20170127_F08_P53.czi_nucWholeIndexSegScale.tiff,3500000489_100X_20170127_F08_P53.czi_cellWholeIndexSegScale.tiff,,
45,2017_02_10,3,\\aibsdata\aics\Microscopy\PRODUCTION\PIPELINE_3_Minipipeline\3500000489\ZSD2\100X_zstack,3500000489_100X_20170127_F08_P54.czi,0.108,0.29,1,3,2,Lamin B1,4,1,\\aibsdata\aics\AssayDevelopment\Analysis\toAnimatedCell\2017_02_10_Nuc_Cell_Seg_For_Release_Group_1\3500000489\nuc_cell_segmentation,3500000489_100X_20170127_F08_P54.czi_nucWholeIndexImageScale.tiff,3500000489_100X_20170127_F08_P54.czi_cellWholeIndexImageScale.tiff,01;03;04;,0.065,0.29,3500000489_100X_20170127_F08_P54.czi_nucWholeIndexSegScale.tiff,3500000489_100X_20170127_F08_P54.czi_cellWholeIndexSegScale.tiff,,
46,2017_02_10,3,\\aibsdata\aics\Microscopy\PRODUCTION\PIPELINE_3_Minipipeline\3500000489\ZSD2\100X_zstack,3500000489_100X_20170127_F08_P55.czi,0.108,0.29,1,3,2,Lamin B1,4,1,\\aibsdata\aics\AssayDevelopment\Analysis\toAnimatedCell\2017_02_10_Nuc_Cell_Seg_For_Release_Group_1\3500000489\nuc_cell_segmentation,3500000489_100X_20170127_F08_P55.czi_nucWholeIndexImageScale.tiff,3500000489_100X_20170127_F08_P55.czi_cellWholeIndexImageScale.tiff,02;,0.065,0.29,3500000489_100X_20170127_F08_P55.czi_nucWholeIndexSegScale.tiff,3500000489_100X_20170127_F08_P55.czi_cellWholeIndexSegScale.tiff,,
47,2017_02_10,3,\\aibsdata\aics\Microscopy\PRODUCTION\PIPELINE_3_Minipipeline\3500000489\ZSD2\100X_zstack,3500000489_100X_20170127_F08_P56.czi,0.108,0.29,1,3,2,Lamin B1,4,1,\\aibsdata\aics\AssayDevelopment\Analysis\toAnimatedCell\2017_02_10_Nuc_Cell_Seg_For_Release_Group_1\3500000489\nuc_cell_segmentation,3500000489_100X_20170127_F08_P56.czi_nucWholeIndexImageScale.tiff,3500000489_100X_20170127_F08_P56.czi_cellWholeIndexImageScale.tiff,03;04;,0.065,0.29,3500000489_100X_20170127_F08_P56.czi_nucWholeIndexSegScale.tiff,3500000489_100X_20170127_F08_P56.czi_cellWholeIndexSegScale.tiff,,
48,2017_02_10,3,\\aibsdata\aics\Microscopy\PRODUCTION\PIPELINE_3_Minipipeline\3500000489\ZSD2\100X_zstack,3500000489_100X_20170127_F08_P57.czi,0.108,0.29,1,3,2,Lamin B1,4,1,\\aibsdata\aics\AssayDevelopment\Analysis\toAnimatedCell\2017_02_10_Nuc_Cell_Seg_For_Release_Group_1\3500000489\nuc_cell_segmentation,3500000489_100X_20170127_F08_P57.czi_nucWholeIndexImageScale.tiff,3500000489_100X_20170127_F08_P57.czi_cellWholeIndexImageScale.tiff,02;,0.065,0.29,3500000489_100X_20170127_F08_P57.czi_nucWholeIndexSegScale.tiff,3500000489_100X_20170127_F08_P57.czi_cellWholeIndexSegScale.tiff,,
